ID,Title,Location,Salary,Summary
https://kr.indeed.com/viewjob?jk=51b4480aad895162ad8aeb7f2e7a4858,디지털전략본부 경력직 공개(하반기),서울 영등포구,,통신·모바일·게임>빅데이터·AI(인공지능)>데이터분석|인터넷·IT·통신·모바일·게임>빅데이터·AI(인공지능)> Python|인터넷·IT·통신·모바일·게임>빅데이터·AI(인공지능)>머신러닝|인터넷·IT·통신·모바일·게임>빅데이터...
https://kr.indeed.com/viewjob?jk=51b4480aad89516278e99625e5de3c95,전문연구요원 (병역특례) 수시 (AI / HW 분야),성남 분당구,"연봉 40,000,000원 - 100,000,000원","모델의 RTL IP 설계 및 IP 검증 가능자 - Language: Python/Perl, C/C++ [우대 조건] - ARM based SoC 설계... Linux, shell, tcl, python, perl 사용 원활..."
https://kr.indeed.com/viewjob?jk=51b4480aad89516237f51a8d4e34cfce,[넥슨코리아] 클라우드 시스템 엔지니어,경기도 성남,,트워크 관련 기반 지식 보유 - Python/Bash/Powershell... MSA 환경의 서비스 운영 경험 - 서비스 아키텍처 제안 경험 - Python/Go/Java 등 1개 이상의 개발 경험 기타사항 - 본 공고는...
https://kr.indeed.com/viewjob?jk=51b4480aad89516222dd1d585de8bf7d,"2022년 하반기 6개월 인턴 개발, 품질테스트, 유지관리",성남 분당구,,통신·모바일·게임>전산·IT기술지원>유지보수|인터넷·IT·통신·모바일·게임>웹프로그래머> Python|인터넷·IT·통신·모바일·게임>응용프로그래머> Python|인터넷·IT·통신·모바일·게임>빅데이터·AI(인공지능)> Python
https://kr.indeed.com/viewjob?jk=51b4480aad8951621015284880e2ff62,라인프렌즈 2022년 각 부문 수시,서울 용산구,,통신·모바일·게임>웹프로그래머> Python|인터넷·IT·통신·모바일·게임... 자바스크립트|인터넷·IT·통신·모바일·게임>빅데이터·AI(인공지능)> Python|마케팅·광고·홍보·조사>마케팅>마케팅기획|마케팅·광고·홍보·조사>마케...
https://kr.indeed.com/viewjob?jk=51b4480aad895162fe369e62505e7be4,신입/경력사원,서울 마곡역,,"Script 작성 / 자동화 검증 수행 [경험/역량] - C/C++/ Python 등 프로그래밍 역량 보유 및 관련 프로젝트 수행 · 수행 이력에 대한... W 개발 경험 - C, Python 언어 개발 경험 보유..."
https://kr.indeed.com/viewjob?jk=51b4480aad89516274dd680945a195f3,AI Frameworks Engineer Intern,서울,,knowledge of deep learning technologies. Programming with Python or Shell script. Education Students who are currently...
https://kr.indeed.com/viewjob?jk=51b4480aad895162bf5697c849191acc,[넥슨코리아] 클라우드 데이터베이스 엔지니어,경기도 성남,,스를 경험하신 분 우대사항 -AWS 대용량 데이터베이스 운영을 경험하신 분 -게임 DBA 유경험자 - Python/Bash/Powershell 1개 이상의 사용 경험 기타사항 - 본 공고는 채용 완료 시 조기 마감될...
https://kr.indeed.com/viewjob?jk=51b4480aad895162b3c3e8cf34bf9eca,Machine Learning Researcher (Computer Vision),서울,,"more than one software language (ex: C, C++, C#, Java, Python, Javascript, Matlab, and so on.) Applicants must have..."
https://kr.indeed.com/viewjob?jk=51b4480aad895162028f37ec9f6509a9,게임 데이터 서비스/플랫폼 개발,성남 판교역,,"지표 분석 활동 - Hadoop 에코시스템을 통한 데이터 수집, 처리 및 지표 분석 경험 - Java, Python, Scala 중 최소 1가지 언어를 이용한 데이터 분석 및 소프트웨어 개발 역량 - 데이터 기반의 문제..."
https://kr.indeed.com/viewjob?jk=51b4480aad895162077a310f038db76f,[TmaxAI/R&D] NLP/음성 부문 AI모델 개발자(*전문연구요원 병역특례포함),성남 분당구,,"23년 2월 졸업 예정자 [음성, 자연어처리] -관련 분야의 연구 경험 / 기본 지식 보유자 -기본적인 Python 프로그래밍이 가능하신 분 [감성 분석 / 신사업 솔루션 개발] -머신러닝 및 딥러닝, 언어모델의 종류와..."
https://kr.indeed.com/viewjob?jk=51b4480aad895162315e5c429d93e367,[재무지원그룹] Oracle ERP FCM 운영,경기도 성남,,"2~7년 경력 우대사항 - Report Designer 개발 - Javascrip, Jquery, Python 개발 기타사항 - 본 공고는 채용 완료 시 조기 마감될 수 있습니다. - 서류 접수 이후 한 달 이내로..."
https://kr.indeed.com/viewjob?jk=51b4480aad895162889ce94eaaf84122,[NAVER Z] 데이터 엔지니어,성남 분당구,,"및 필요 역량- 관련 분야 개발 경력 3년 이상- Scala/Java/ Python, Spark, Kafka(Stream) 기반 빅 데이터 처리 경험이... 통신·모바일·게임>응용프로그래머> Python|인터넷·IT·통신·모바일·게임..."
https://kr.indeed.com/viewjob?jk=51b4480aad89516240e6ffb1e5a47920,'22년 현대중공업그룹 연구 신입 및 경력 (수시 2차),성남 분당구,,"가능자 (Matlab, C#, Python 등) 우대 근무지 분당 모집인원... 조선/기계/항공 전공자 우대 - CAD system 개발 및 C#, Python 프로그래밍 가능자 우대 - 경력) 실무경력 3년이상 근무지 목포(영암..."
https://kr.indeed.com/viewjob?jk=51b4480aad8951620d571c647c477c68,[선행기술원] Virtual검증 _ 검증/해석[책임연구원],성남 판교역,,"CarMaker,ROS, Autoware, SUMO 중 1개 또는 유사 소프트웨어 활용능력을 보유하신 분 Python, C 등 프로그램 활용 능력을 보유하신 분 Machine / Deep Learning 활용 능력을 보유하신..."
https://kr.indeed.com/viewjob?jk=51b4480aad895162abdc136f65ceddd4,AI 분야,서울,,"무를 경험하면서 조직과 함께 성장하고 싶으신 마인드를 보유하신 분 - Python 및 PyTorch, Tensorflow 등과 같은 딥러닝 프레임워크... 경력자 가능 - C/C++, Python, 딥러닝 프레임워크(PyTorch..."
https://kr.indeed.com/viewjob?jk=51b4480aad89516251b4480aad895162,AI 영상처리 알고리즘 개발자,성남 분당구,,"이론과 지식 보유 (필수)Deep Learning, Machine Learning 활용 개발 역량 (필수) Python, C/C++ 기반 영상 처리/분석 알고리즘 개발 역량 (필수)</ 인터넷·IT·통신·모바일·게임>응용프로그..."
https://kr.indeed.com/viewjob?jk=51b4480aad8951627d02cc2c10a4ef52,부문별 직원,경기도 포천,,게임>웹프로그래머>백엔드|인터넷·IT·통신·모바일·게임>웹프로그래머> Python|인터넷·IT·통신·모바일·게임>컨텐츠·사이트운영>웹사이트운영·테스터... 게임>빅데이터·AI(인공지능)> Python|인터넷·IT·통신·모바일·게임...
https://kr.indeed.com/viewjob?jk=51b4480aad89516284fdcc3c8a8cf47f,퀀트운용본부 직원(신입 및 인턴),대한민국,,"자격요건 - 체험형 인턴 컴퓨터 관련 전공 우대 - 수학, 통계학, 금융공학, 공학계열 전공자 우대 - Python, SQL, VBA 등 프로그래밍 가능자 우대 - MS Office등 문서 작업에 능숙한 분 (워드, 엑셀..."
https://kr.indeed.com/viewjob?jk=51b4480aad895162807cfa585cf72eec,네이버 파이낸셜 플랫폼 운영,성남 서현동,,"Docker(kubernetes) 및 어플리케이션 배포 전략 지식 보유 - Shell script, python 및 web framework 등 기타 프로그래밍 언어 활용 가능 - 국가보훈대상자 및 장애인은 법령에 의거..."
https://kr.indeed.com/viewjob?jk=51b4480aad895162e0a4a749c585325e,2022 하반기 DGB금융지주 전문직 요강,서울 중구,,인터넷·IT·통신·모바일·게임>응용프로그래머>자바스크립트|인터넷·IT·통신·모바일·게임>응용프로그래머> Python|인터넷·IT·통신·모바일·게임>웹기획·웹마케팅·PM>제안·컨설팅|인터넷·IT·통신·모바일·게임>HTML·퍼블리...
https://kr.indeed.com/viewjob?jk=51b4480aad895162356779182611406f,AI 솔루션팀-NLP 경력 채용,서울,,학사 이상 졸업자 자연어 처리 관련 연구/개발자 (2년 이상) 머신러닝/딥러닝 모델 연구개발 경력자 Python 프로그래밍 가능자 자연어처리 관련 서비스 개발 경험자 [우대요건] 자연어 처리 관련 석사 학위 이상...
https://kr.indeed.com/viewjob?jk=51b4480aad8951625ea9ea023c6ccc03,"S/W 엔지니어, 데이터분석 신입/경력 정규직, 인턴",성남 분당구,,"케이션 제작 및 유지보수 업무- Python, Golang, QT 중 선택... 2. 시스템프로그래머- Python, Golang, QT 중 선택 가능3. 영상데이터 분석 및 모델링- python기반 영상데이터 분석 및 모델링..."
https://kr.indeed.com/viewjob?jk=51b4480aad8951625fe21ceab5a3ce0b,연구소 R&D 인프라 운영,성남 분당구,,"람들과 소통 능력 및 협업 경험 우대사항 - 개발프로젝트 참여 경험 - 클라우드 서비스 운영 경험 - Python, Groovy, Java 등 개발언어 가능 - 가상화 인프라(vSphere 등) 나 Docker 활용..."
https://kr.indeed.com/viewjob?jk=51b4480aad895162c759fe51adbc3ea1,SCM혁신 신입/경력 사원 공개채용,서울 신천동,,"system 유경험자 및 다양한 데이터 분석 및 분석툴 활용 유경험자 우대(Power BI, Tableau, Python, Visual Basic 등) 김천 상세보기 전형절차 - 지원서 접수 > 서류전형 > 직무적성..."
https://kr.indeed.com/viewjob?jk=51b4480aad895162bc8ebd8567d578d6,[TmaxOS/R&D] OS부문 개발자,성남 분당구,,솔루션 개발 [주 사용 언어] - C/C++ - JavaScript/TypeScript - Java - Python 자격요건 (공통) 해외 여행에 결격 사유가 없는 자 - 4년제 대졸(학사) 이상 / 기졸업자 또는 23년...
https://kr.indeed.com/viewjob?jk=51b4480aad8951629959129af3c5fd06,서버 개발자 Python(Django) Developer (주니어),서울 마포구,,요건- Python/Django 실무 1~3년- RDBMS에 대한 기본 지식- REST API에 대한 기본 지식- AWS 등 클라우드 환경에 대한 관심과 경험 인터넷·IT·통신·모바일·게임>웹프로그래머> Python|인터넷...
https://kr.indeed.com/viewjob?jk=51b4480aad8951629a9bd236f2d05ff3,Python 기반 빅데이터분석가,서울 방배동,"연봉 25,000,000원 - 30,000,000원",근무조건 정규직 급여 2500~3000만원 지원자격 신입 학력무관 기업정보 2011년 설립(업력 12년) 사원 25명 비상장 중소기업 상세보기
https://kr.indeed.com/viewjob?jk=51b4480aad8951625e761f105a377ae8,Python 분석 인원 정규직 채용,서울 휘경동,,"근무조건 정규직 급여 회사내규에 따름 주 5일 | 탄력근무제 서울 동대문구 지하철 서울1호선 회기역 지원자격 신입, 경력 무관, 경력무관 학력무관 기업정보 2019년 설립(업력 4년) 사원 25명 비상장 중소기업..."
https://kr.indeed.com/viewjob?jk=51b4480aad895162872035f47cfd4850,자산운용팀 전략/리스크팀 퀀트(겨울방학 인턴),대한민국,,공자의 경우 관련 과목 12학점 이상 이수 - Microsoft 엑셀 능숙자 선택 사항 (평가 가산점) - Python 또는 VBA 등 코딩 Skill 보유 - 관련 업종에서 2개월 이상 인턴쉽 또는 근무 경력 보유 - 관련...
https://kr.indeed.com/viewjob?jk=51b4480aad89516243b8170abbb59f88,Python 백엔드 개발,서울 강남구,,11명 회사주소 서울특별시 강남구 테헤란로 501 617호 누벤트 Python 백엔드 개발 모집부문 및 자격요건 모집부문 담당업무 자격요건 우대조건... 자격요건 및 우대사항] - python 기반 서비스 경험 - 하나 이상...
https://kr.indeed.com/viewjob?jk=51b4480aad8951624c25d6649f8434a8,[외국계 스타트업 미소] Business Analyst Intern (정규직 전환형),서울,,통신·모바일·게임>빅데이터·AI(인공지능)>데이터분석|인터넷·IT·통신·모바일·게임>빅데이터·AI(인공지능)> Python|인터넷·IT·통신·모바일·게임>데이터베이스·DBA>MySQL|인터넷·IT·통신·모바일·게임>데이터베이스...
https://kr.indeed.com/viewjob?jk=51b4480aad8951628af26b37623864c4,8퍼센트 개발자 (신입/경력),서울 종로구,,개발 금융 데이터 분석과 분석 플랫폼 운영 자격요건 컴퓨터 전공자 또는 웹 개발 경력 1년 이상 우대사항 Python 코드를 무리 없이 읽으실 수 있는 분 Linux/Mac 사용 가능한 분 새로운 기술에 대한 호기심을 가지신...
https://kr.indeed.com/viewjob?jk=51b4480aad8951626d86e9f32d31c84f,Data 분야 경력,서울,,"해가 뛰어난 자 - R, Python, SAS, SQL 등 활용 역량 우대사항(해당 내용 중 1개 이상) - ML/DL 경험 인력 우대 - 관련 분야 석사 이상 학위 소지자 우대 - R, Python등 데이터분석 모델링 경험..."
https://kr.indeed.com/viewjob?jk=51b4480aad89516267c19d7ac0857ecd,빅데이터 분야,서울,,"데이터 분석 모형 개발 ① R, Python, SQL 등 데이터 분석 도구... 분석 관련 자격 보유(빅데이터분석기사, ADsP, ADP 등) - R/ Python/SQL 등을 사용하여 데이터를 핸들링하고 대규모 데이터 셋에서 분석..."
https://kr.indeed.com/viewjob?jk=51b4480aad8951620110c83e312003be,2022년 메타버스 아카데미 1기 교육생 추가,성남 분당구,,웹프로그래머> Python|인터넷·IT·통신·모바일·게임>웹프로그래머>JAVA|인터넷·IT·통신·모바일·게임>웹프로그래머>HTML·DHTML·mHTML|인터넷·IT·통신·모바일·게임>빅데이터·AI(인공지능)> Python|인터넷...
https://kr.indeed.com/viewjob?jk=51b4480aad89516224d38e6721dfb0e4,백엔드 개발자(Python),서울 서초구,,주식회사 액스 백엔드 개발자( Python) 기업소개 We’re Digitizing the Supply Chain for Travel... 웹프로그래머>백엔드|인터넷·IT·통신·모바일·게임>웹프로그래머> Python
https://kr.indeed.com/viewjob?jk=51b4480aad895162ac9068957c550cb3,데이터 전문가(모델러/분석가/엔지니어) 모집,성남 판교역,,대용량 데이터를 효율적으로 사용하기 위한 기반 데이터 가공 지원자격 데이터 사이언스를 위한 언어(R/ Python/Scala) 및 도구(scikit-learn/Spark MLlib/Tensorflow/Pytorch 등)를...
https://kr.indeed.com/viewjob?jk=51b4480aad895162679e7e7466c71a3e,Quantitative Research Intern,서울,,languages (C++ and Python preferred) Able... 예정자 우수한 학업 성적 프로그래밍 언어에 익숙한 분 (C++ 및 Python 선호) 영어로 의사소통이 가능하신 분 글로벌 금융 시장에 대해 배우려는...
https://kr.indeed.com/viewjob?jk=51b4480aad895162d364360d1e0368e3,Python 기반 빅데이터 처리 개발자,서울 서초구,,인터넷·IT·통신·모바일·게임>응용프로그래머> Python|인터넷·IT·통신·모바일·게임>빅데이터·AI(인공지능)> Python|인터넷·IT·통신·모바일·게임>빅데이터·AI(인공지능)>빅데이터|인터넷·IT·통신·모바일·게임...
https://kr.indeed.com/viewjob?jk=51b4480aad8951625133adebeb209d23,AI 모빌리티 서비스의 미래 함께 열어갈 우수한 인재 찾습니다.,성남 분당구,,인터넷·IT·통신·모바일·게임>응용프로그래머>인공지능(AI)|인터넷·IT·통신·모바일·게임>응용프로그래머> Python|인터넷·IT·통신·모바일·게임>데이터베이스·DBA>SQL|인터넷·IT·통신·모바일·게임>데이터베이스·DBA>MySQL
https://kr.indeed.com/viewjob?jk=51b4480aad89516244e9ac7f0f94e784,한국필립모리스 2022년 상반기 수시,서울 영등포구,,통신·모바일·게임>웹프로그래머> Python|인터넷·IT·통신·모바일·게임... 용프로그래머>자바스크립트|인터넷·IT·통신·모바일·게임>응용프로그래머> Python|인터넷·IT·통신·모바일·게임>시스템프로그래머>펌웨어·어셈블러|인터...
https://kr.indeed.com/viewjob?jk=51b4480aad895162a28cfcec0a3ee874,LG이노텍 AI/BigData 석박사 신입사원/산학장학생,서울 강서구,,"머신러닝/딥러닝 프레임워크 활용 스킬( Python, PyTorch 등) - SW 프로그래밍 스킬( Python, C/C++ 등) - DB 활용 스킬... Python, PyTorch 등) - SW 프로그래밍 스킬( Python..."
https://kr.indeed.com/viewjob?jk=51b4480aad895162058e9510f9548e49,인공지능(딥러닝) 로봇 자동화 소프트웨어 개발자(Python우대),서울 성수동1가,"연봉 30,000,000원 - 40,000,000원","근무조건 정규직 급여 3000~4000만원 직접입력 | 탄력근무제 서울 성동구, 서울 광진구 지하철 서울2호선 뚝섬역 지원자격 신입, 경력 무관, 경력무관 학력무관 우대조건 제대군인, 해당업무 근무경험 기업정보..."
https://kr.indeed.com/viewjob?jk=51b4480aad895162d158e683dc0b7500,파이썬 개발자 초중급 이상,서울 서초구,,전형 접수방법 채용시 접수방법: 인크루트 채용시스템 접수양식: 인크루트 이력서 기타 유의사항 입사지원서 및 제출서류에 허위사실이 있을 경우 채용이 취소될 수 있습니다. 인터넷·IT·통신·모바일·게임>응용프로그래머> Python
https://kr.indeed.com/viewjob?jk=51b4480aad8951624cf24d3dd5919469,딥러닝 기반 Computer Vision 개발자,서울 중구,,"머신 러닝, 컴퓨터 비전 기술 이해도 및 구현 역량한 가지 이상의 AI 라이브러리 및 플랫폼에 대한 깊은 경험 Python, C/C++ 기반 OpenCV 로직 개발 경험Open Source 단순 활용을 넘어 기능 개발 및 버그..."
https://kr.indeed.com/viewjob?jk=51b4480aad895162f10f40f07ee55b7d,[진행중] 빅데이터사업부 전문직(데이터 사이언티스트) 채용공고,서울 회현동,,"컴퓨터공학)/수학/통계 관련 전공자 - 은행, 카드, 보험 등 금융 데이터 활용 분석 경험 보유자 - Python/R/Java 등 분석 및 프로그래밍 언어 사용 경험자 - 상품 추천, 이탈 예측, VOC 분석(STT..."
https://kr.indeed.com/viewjob?jk=51b4480aad8951626039166822dfd1c1,한글과컴퓨터 2022년 신입/경력직 수시,성남 분당구,,응용프로그래머>클라우드|인터넷·IT·통신·모바일·게임>응용프로그래머> Python|인터넷·IT·통신·모바일·게임>네트워크·서버·보안>UNIX·LINUX... 통신·모바일·게임>웹프로그래머> Python|인터넷·IT·통신·모바일·게임...
https://kr.indeed.com/viewjob?jk=51b4480aad895162637daa5067e55e6c,"의료영상, 인공지능 외 신입/경력 정규직, 인턴",서울 강남구,,하드웨어>소프트웨어|인터넷·IT·통신·모바일·게임>빅데이터·AI(인공지능)>인공지능(AI)|인터넷·IT·통신·모바일·게임>빅데이터·AI(인공지능)> Python|인터넷·IT·통신·모바일·게임>빅데이터·AI(인공지능)>머신러닝
https://kr.indeed.com/viewjob?jk=51b4480aad895162bf926e1e103f39b1,[정보보안] 침해대응[매니저],대한민국,,"비즈니스 영어 또는 중국어 가능하신 분 정보보안기사, CISSP, CISA 자격증 보유하신 분 개발 언어( Python, C, C++, C#, Java 등) 사용 가능하신 분 원활한 의사소통 및 협업 역량 보유하신 분 전형단계..."
https://kr.indeed.com/viewjob?jk=51b4480aad89516222ffe020e40de675,[포티투마루] 인공지능(AI) 개발자 전 부문,서울 서초구,,인터넷·IT·통신·모바일·게임>빅데이터·AI(인공지능)> Python|인터넷·IT·통신·모바일·게임>빅데이터·AI(인공지능)>머신러닝|인터넷·IT·통신·모바일·게임>빅데이터·AI(인공지능)>딥러닝|인터넷·IT·통신·모바일·게임...
https://kr.indeed.com/viewjob?jk=51b4480aad8951629edb8c2cd406dbe0,[일 7시간] PHP 웹 백엔드 개발자,성남 분당구,,프로그래머> Python|인터넷·IT·통신·모바일·게임>빅데이터·AI(인공지능)>딥러닝|인터넷·IT·통신·모바일·게임>빅데이터·AI(인공지능)>머신러닝|인터넷·IT·통신·모바일·게임>빅데이터·AI(인공지능)> Python|인터넷...
https://kr.indeed.com/viewjob?jk=51b4480aad895162287a2f9783758916,한국행동과학연구소 각 부문 수시,서울 강남구,,"CSS3, 모바일 프로젝트 및 반응형 웹구축 경험, 교육이수자 백엔드개발자 - 개발 및 유지보수 - java, python, php, nodejs 사용자- oracle, mysql 등 유경험자 근무조건 경영·인사·총무·사무..."
https://kr.indeed.com/viewjob?jk=51b4480aad8951622da59e0d6631edf7,[아디아랩] AI엔지니어 영입,부산 해운대구,,"Data 서비스 구현 - Python 개발 기술 - JAVA, JSP... R&BD [자격요건]1. 4년 이상의 팀장급 또는 시니어 개발자2. Python/Java Script 등 활용 이해도가 높은 분3. 웹 플랫폼 서비스..."
https://kr.indeed.com/viewjob?jk=51b4480aad895162b7e9e9d0811a05bd,Application Engineering Intern,서울,,1-2 semesters left for graduation. Familiar with C/C++/ python programming language. Good understanding of network...
https://kr.indeed.com/viewjob?jk=51b4480aad89516279968360763a8375,머신비전 응용 소프트웨어 개발 엔지니어,부산 남구,,C·C++|인터넷·IT·통신·모바일·게임>응용프로그래머>C#|인터넷·IT·통신·모바일·게임>응용프로그래머> Python|인터넷·IT·통신·모바일·게임>ERP·시스템분석·설계>시스템엔지니어|전자·기계·기술·화학·연구개발>기계...
https://kr.indeed.com/viewjob?jk=51b4480aad895162d817970725257c48,Machine Learning Engineer,서울,"연봉 51,969,100원 - 77,953,600원",maintain ML solutions * Experience in Python programming language and frameworks... systems (e.g Python). * Research...
https://kr.indeed.com/viewjob?jk=51b4480aad895162d37ee1c76b41a9aa,[기술본부] 데이터거버넌스 엔지니어,경기도 성남,,구축에 대해 경험이 있으신 분 - SQL 활용 능력이 뛰어나신 분 우대사항 - 경력 3년 이하 - Python이나 Scala 등과 같은 프로그래밍 언어를 활용하여 ETL 개발이 가능하신 분 - DB 및 Server...
https://kr.indeed.com/viewjob?jk=51b4480aad89516207aab0cc98af9ffe,AI Frameworks Engineer,서울,,experience in deep learning frameworks Programming with Python or Shell script Experience with large-scale software projects...
https://kr.indeed.com/viewjob?jk=51b4480aad895162d467657b9fac7fc9,[Data] 분석 데이터 엔지니어,성남 분당구,,"3년 이상인 분· Java, Python 중 하나 이상의 언어에 익숙한... 응용프로그래머>JAVA|인터넷·IT·통신·모바일·게임>응용프로그래머> Python|인터넷·IT·통신·모바일·게임>웹프로그래머>JAVA|인터넷·IT·통신..."
https://kr.indeed.com/viewjob?jk=51b4480aad895162a91e307a449bbf1f,"Charging Operations Specialist, APAC Charging (English Speak...",서울 강남구,,"Data science experience including coding/scripting skills ( Python/Ruby/JS/Perl... plus. Collaborative, team oriented..."
https://kr.indeed.com/viewjob?jk=51b4480aad8951621399ee2f387a27dd,카카오 전체의 계정 플랫폼을 만들 서버개발자 모집,성남 판교역,,"를 사용한 웹어플리케이션 개발 하둡 에코시스템을 활용한 대용량 데이터 처리 Ruby on Rails, Python 을 사용한 개발 Kafka, Redis, Elastic Search 등을 활용한 개발 함께 성장하고 싶다면..."
https://kr.indeed.com/viewjob?jk=51b4480aad895162a8a2e292ef8b0528,(신입/인턴) 리서치 사회조사 연구원,서울 성동구,"연봉 28,000,000원 - 30,000,000원","PowerPoint 이용 문서작성 능숙자 SPSS, AMOS, R, Python 등 관련 툴 사용 가능자 주식회사 리서치앤유 (신입/인턴) 리서치... 능숙자SPSS, AMOS, R, Python 등 관련 툴 사용 가능자[우대..."
https://kr.indeed.com/viewjob?jk=51b4480aad89516240e310eda5a03200,[선행기술원] Machine Learning[책임연구원],성남 판교역,,"열을 전공하신 분 CNN, R-CNN, YOLO 등을 활용하여 Application 개발 경험을 보유하신 분 Python, C/C++ 이외에 아래 언어 중 1개 이상 사용 가능하신 분 - TensorFlow - PyTorch..."
https://kr.indeed.com/viewjob?jk=51b4480aad895162ccd1d43784d307da,AWS 클라우드엔지니어,서울 마포구,,관리|인터넷·IT·통신·모바일·게임>ERP·시스템분석·설계>AWS|인터넷·IT·통신·모바일·게임>웹프로그래머>PHP |인터넷·IT·통신·모바일·게임>웹프로그래머>JAVA|인터넷·IT·통신·모바일·게임>웹프로그래머> Python
https://kr.indeed.com/viewjob?jk=51b4480aad8951624776fb5f48f78d93,금융 AI (시장 미시구조 분야) 연구 개발자 모집,성남 판교역,,"싶은 사람 - 금융 시장과 데이터에 대한 관심과 이해도가 높은 분 - Python, R, SQL 등을 이용해 데이터를 직접 분석하고 모델을 개발하여... 및 연구/문제 해결 능력 - Python 언어에 능숙하신 분 2. 해당직..."
https://kr.indeed.com/viewjob?jk=51b4480aad895162e384cc49f5546b4c,"Customer Engineer, Data Analytics, Google Cloud",서울 강남구,,"writing code in a common development language (e.g., Java, Python, JavaScript, C++, Scala, R, Go, etc.). 인터넷·IT·통신·모바일·게임>ERP..."
https://kr.indeed.com/viewjob?jk=51b4480aad895162f94fd2fd0e93cb5c,[데이터 프로덕트] 데이터 엔지니어 모집,성남 판교역,,"엔지니어링 2년 이상 업무경험 보유자 ⁃ 하둡 에코시스템의 전반적 이해를 바탕으로 ETL 가능하신 분 ⁃ python(필수), java, go, bash 등 언어 중 하나 이상 활용 가능하신 분 ⁃ 새로운 기술에 대한 관심이..."
https://kr.indeed.com/viewjob?jk=51b4480aad895162016de9bb83a8032d,JR0186078 AI Research Engineer Intern,서울,,"architectures, and optimization strategiesProgramming skills with Python/C++Experience working with one or more deep learning..."
https://kr.indeed.com/viewjob?jk=51b4480aad895162eb926fc0cbbd16d1,"응용프로그램개발,인공지능(AI),머신러닝,Python,TensorFlow",서울 역삼동,"연봉 30,000,000원 - 40,000,000원","알고리즘, 머신러닝, Python, Pytorch, Tensorflow... 학습모델, 데이터 분석 담당업무 - 알고리즘/머신러닝/학습모델 R&D - Python, Pytorch, Tensorflow, TensorRT 코딩..."
https://kr.indeed.com/viewjob?jk=51b4480aad895162e30fe92d72ceb17c,"자율 주행, 로봇 SW 개발자",성남 수정구,,"(주)에바 모집부문 및 자격요건 모집부문 담당업무 자격요건 인원 자율주행 SW 엔지니어 Python응용SW [담당업무]ROS 개발, 로봇 주행 알고리즘 개발, SW Optimization[근무부서 및 직급/직책]근무부서: 개발팀..."
https://kr.indeed.com/viewjob?jk=51b4480aad89516262207843f8aee746,"[광고 추천] 데이터 사이언스, 머신러닝 전문가 영입",성남 판교역,,"Learning)에 관한 지식과 경험이 풍부한 분 ⁃ 하나 이상의 프로그래밍 언어에 능통한 분 (예, Python, R, Java, Scala, C/C++, Golang 등) ⁃ 석사학위 + 2년 이상 경력, 혹은 학사학위..."
https://kr.indeed.com/viewjob?jk=51b4480aad895162f544b8043a0cede5,Data Scientist,서울,,"testing, classification, or clustering Experience with Python programming language and writing SQL queries Bachelor’s degree..."
https://kr.indeed.com/viewjob?jk=51b4480aad89516206fe2b4d14f3ad0d,[R&D] 딥러닝 엔지니어,성남 분당구,,"시스템 개발· GPU 인프라 관리 및 최적화필수 경험과 역량· 하나 이상의 프로그래밍 언어에 능숙한 분(예: Python, C++, Golang 등)· 머신러닝/딥러닝 모델을 서비스에 적용하고 운영해본 경험이 있는 분· OS..."
https://kr.indeed.com/viewjob?jk=51b4480aad895162c84864913fef0259,[2022 전문연구요원] AI R&D – Applied AI,성남 판교역,,문제를 논리적으로 Modeling할 수 있는 능력 - 기술 탐색 및 연구/문제 해결 능력 - Python 언어에 능숙하신 분 2. 아래 기술 중 하나 이상의 기술을 보유하신 분 - Recommendation...
https://kr.indeed.com/viewjob?jk=51b4480aad895162ccd4f5407a32ba6a,Data Scientist,서울,,"analysis a plus, Programming... scripting exp.: eg. Python, C#, VBA, Java, Perl, etc. Experience in applied analytics..."
https://kr.indeed.com/viewjob?jk=51b4480aad895162192c20f6f0f64ab3,[2022 전문연구요원] AI R&D - Language AI,성남 판교역,,"기술을 서비스에 적용하기 위한 MLOps 플랫폼을 개발합니다. 지원자격 학력 : 석사 이상 필수조건 - Python, Java등 한 가지 이상의 컴퓨터 프로그래밍 언어를 활용할 수 있으신 분 - 머신러닝/딥러닝 기술에 대한..."
https://kr.indeed.com/viewjob?jk=51b4480aad895162d304f093d88aae7f,"[2022-07, 2차] 각 부문 신입/경력사원",천안 동남구,,게임>빅데이터·AI(인공지능)> Python|인터넷·IT·통신·모바일·게임... 설치·수리·정비·A/S >유지보수|인터넷·IT·통신·모바일·게임>웹프로그래머> Python|인터넷·IT·통신·모바일·게임>응용프로그래머> Python
https://kr.indeed.com/viewjob?jk=51b4480aad89516238521115cdd8bd2e,[글로벌AI]인공지능(AI) Engineer,서울,"연봉 40,000,000원","커뮤니케이션 - 대화형 AI, 챗봇 개발 및 테스트 *자격요건* - 경력: 0~2년 - Java, Python, javascript, Ruby 등의 기술을 보유하신 분 - 기업근무 경험이 없어도 챗봇을 오픈소스 등으..."
https://kr.indeed.com/viewjob?jk=51b4480aad895162ad695cb2c767be8b,AI Research Engineer Intern,서울,,optimization strategies. Programming skills with Python/C++. Experience working with one or more deep learning frameworks...
https://kr.indeed.com/viewjob?jk=51b4480aad89516278e77be539dbf026,[정보보안] 모의해킹[책임매니저],대한민국,,"상의 경력을 보유하신 분 침투테스트 또는 RED TEAM 업무 수행 경험이 있으신 분 개발 언어 사용 가능 ( Python, C, C++, Java 등) 하신 분 보고서 작성, 논리적 사고, 협업 및 커뮤니케이션 역량을 보유하..."
https://kr.indeed.com/viewjob?jk=51b4480aad8951626243ea4a096abdef,"신입/경력 개발자 (프론트엔드 2명, 백엔드 2명, 퍼블리셔 2명)",경기도 하남,"월급 2,000,000원","경험자: 반응형 웹 퍼블리싱 가능자 우대: vue, 리액트 가능자 우대2. 백엔드: java, php, python, nodejs, c# 중 1개 이상 가능자: 컴퓨터 전공학과 출신자 우대: 정보처리기사 자격증 보유자 우대3..."
https://kr.indeed.com/viewjob?jk=51b4480aad895162269f9a96319ef19a,머신러닝 엔지니어 모집,성남 판교역,,"델의 성능 검증 및 지속 개선 대규모 로그 데이터 통계 분석을 통한 피쳐 추출 지원자격 #필수사항 Python, Java, C++ 등 언어 중 하나 이상 활용 가능하신 분 TensorFlow/Keras, PyTorch..."
https://kr.indeed.com/viewjob?jk=51b4480aad89516267ebbb84021efd24,2022년 하반기 현대건설기계 경력사원 (건설기계 3社),성남 분당구,,"이상 (공학계열 전공) · 경력 3년 이상 - 센서융합/AI객체감지 분야 ※우대사항 · C/C 코딩 경험 · Python, ROS 코딩 경험 · J1939 CAN 통신 경험 · 센서 및 제어기 H/W 구성 경험 주요업무 1..."
https://kr.indeed.com/viewjob?jk=51b4480aad895162a9261b8eecc61377,[진행중] AI사업부 전문직(인공지능(AI) 모델링(자연어처리)) 채용공고,서울 회현동,,"이상 충족) - NLP, TA(Text Analysis) 등 자연어 처리 관련 프로젝트 경험 보유 - Python, R 등 프로그래밍 활용 역량 보유 - 딥러닝 프레임워크(Tensorflow, PyTorch 등) 기반..."
https://kr.indeed.com/viewjob?jk=51b4480aad8951628a7c4886df34e482,Python 서버 어플리케이션 개발자,서울 송파구,,"담당업무]개발자 - 개발자 - Python 프로그래밍과 Java, C 소스... 담당업무]ㆍ Python, Kafka를 활용한 차세대 데이터 시스템 개발ㆍ실시간 대용량 로그 수집, 분석, 저장[필요기술]ㆍ Python 프로그래밍과..."
https://kr.indeed.com/viewjob?jk=51b4480aad895162e6f79134827d23a7,데이터분석 전문가 모집,서울 남대문로5가,,"Data Studio R Python 담당 직무 11번가 데이터분석팀에... 용한 데이터 시각화 업무 경험이 있으신 분 •데이터 분석을 위한 R, Python등 프로그래밍 언어 활용이 가능하신 분 근무지 서울 스퀘어 지원..."
https://kr.indeed.com/viewjob?jk=51b4480aad895162908837db33774c3e,Data Analyst,서울,,"정제하여 서비스의 문제를 진단하고 해결하는 역량이 필요합니다. # 이런 경험이 있다면 더 좋습니다 - Python, R, Spark 등을 활용한 데이터 프로세싱에 대한 이해도가 높으신 분이면 좋습니다. - 통계학, 금융공학..."
https://kr.indeed.com/viewjob?jk=51b4480aad895162c06905fe61fc2dd6,Database Engineer (DBA),서울 중구,,"운영 경험 보유– DBMS 및 Linux 에 대한 전반적인 이해– Python, bash, go 스트립팅 언어에 능통– 논리적인 문제 해결, 협업 및... 좋습니다.우대사항– (우대) Python/Shell script 가능자..."
https://kr.indeed.com/viewjob?jk=51b4480aad8951623cf2805cf9934566,Cloud 부문,서울,,"SQL에 대한 지식 - 프로그래밍 언어 에 대한 지식(Nodejs, Python 등) (우대)컴퓨터공학, 컴퓨터과학, 소프트웨어 공학 전공자 (우대... 에 대한 경험이 있으신 분 - Python, Pytorch 등 딥러닝 프레..."
https://kr.indeed.com/viewjob?jk=51b4480aad8951626463e7d8d2f98552,[취업연계] AI 클라우드/메타버스 영상인식 교육생,부산,,통신·모바일·게임>웹프로그래머> Python|인터넷·IT·통신·모바일·게임... 로그래머>머신러닝(ML)|인터넷·IT·통신·모바일·게임>응용프로그래머> Python|인터넷·IT·통신·모바일·게임>응용프로그래머>증강현실(AR)|인터넷...
https://kr.indeed.com/viewjob?jk=51b4480aad8951620859d920f19f3e06,업계 최고 대우로 파이썬(Python) 개발자,서울 강남구,,"직무내용] - Python + Django 기반의 백엔드 서비스- NoSQL, 대용량 데이터베이스- API 서비스 개발- (옵션) A.I 또는 Cloud 서비스 개발 [근무시간 및 형태] 주 5일 근무 (오전) 10시 00분..."
https://kr.indeed.com/viewjob?jk=51b4480aad895162f9a7894ca2504b5b,CIC조직 웹서비스 Back end개발자 경력,서울 강남구,,"AWS Cloud 개발 1년 이상 5. 우대 사항 1) 커뮤니티 및 커머스 서비스 개발 경력이 있으신 분 2) Python 기반 개발 경험이 있으신 분 3) AWS 서비스 (Lambda, RDS, Redis, SQS, ECS..."
https://kr.indeed.com/viewjob?jk=51b4480aad895162b515669e8032265b,[kt ds] 2022년 각 부문별 경력사원 수시,서울 서초구,,JAVA|인터넷·IT·통신·모바일·게임>응용프로그래머>C·C++|인터넷·IT·통신·모바일·게임>응용프로그래머> Python|인터넷·IT·통신·모바일·게임>응용프로그래머>자바스크립트|인터넷·IT·통신·모바일·게임>응용프로그래머...
https://kr.indeed.com/viewjob?jk=51b4480aad8951627cf54cae7c39d652,카카오커머스 데이터 분석 엔지니어 모집,성남 판교역,,"지원자격 데이터 엔지니어 경력 3년 이상 Spark 중급 이상 사용자 프로그램 개발(Java, Scala, Python 등) 중급 이상 기술 보유자 대용량 데이터에 대한 실시간/배치 서비스 개발 운영 경험자 우대사항..."
https://kr.indeed.com/viewjob?jk=51b4480aad89516277a79f333becb836,클라우드 엔지니어,성남 분당구,,클라우드|인터넷·IT·통신·모바일·게임>응용프로그래머>JAVA|인터넷·IT·통신·모바일·게임>응용프로그래머> Python|인터넷·IT·통신·모바일·게임>ERP·시스템분석·설계>AWS|인터넷·IT·통신·모바일·게임>데이터베이스...
https://kr.indeed.com/viewjob?jk=51b4480aad895162804b9353ac2b5dfe,페이코 빅데이터 엔지니어링,성남 판교역,,"이상 경험하신 분 - Hadoop 및 Hadoop 에코 시스템에 대한 이해가 있으신 분 - Java, Python, Scala 중 최소 1가지 언어를 능숙하게 사용 가능하신 분 - 데이터 처리 인프라/파이프라인 구축 및..."
https://kr.indeed.com/viewjob?jk=51b4480aad895162d7ca20cfcb5a0889,Digital Human 을 위한 AI 연구자/엔지니어 모집,성남 판교역,,"10년 필수조건 - 전반적인 전산학에 대한 이해가 있으신 분 - 숙련된 프로그래밍 스킬을 통해 C/C++, Python 등 다양한 언어에 빠르게 적응할 수 있으신 분 - 확보된 기반 기술을 상용화 할 수 있는 개발 능력을..."
https://kr.indeed.com/viewjob?jk=51b4480aad8951629d0aa83c1e8f086e,카카오 전사QA 모집,성남 판교역,,"능력 보유 능동적이고 빠른 실행력 보유 [우대사항] 테스트 자동화 설계 경험자 혹은 스크립트 언어( python, java, javascript 등) 가능자 다앙한 테스트 도구(Postman, Appium, Selenium..."
https://kr.indeed.com/viewjob?jk=51b4480aad895162df0bb90702bee2ac,클라우드 기술지원 엔지니어,성남 판교역,,"Linux, Windows Server 트러블 슈팅 숙련자 - 2년 이상의 개발 경험자 (PHP, Python 등) - 아래 기술 분야 중 1개 이상의 풍부한 지식 및 운영 경험 보유자... Open Source..."
https://kr.indeed.com/viewjob?jk=51b4480aad895162762f4670e39d3075,전산전문인력(~7/24),대한민국,,"Struts, JSP, Javascript, CSS) 프로젝트 참여 경험 - 프로그래밍 개발(JAVA, Python, Go, C) 경험 - Database(Oracle, MS-SQL 등) 관련 업무 지식 우대사항 - 금융..."
https://kr.indeed.com/viewjob?jk=51b4480aad895162b22adf00b47eaa32,AI Research Engineer,서울,,"PyTorch, Caffe, and MxNet - Strong programming skills with Python and C/C++ - Experiences in programming and testing in Linux..."
https://kr.indeed.com/viewjob?jk=51b4480aad8951623f1a605140615724,[청년잇다(IT행사)]AI 비전 딥러닝 개발자,성남 분당구,,"격요건 1) 딥러닝 프레임워크 개발 가능자(e.g PyTorch, TensorFlow 등) 2) C/C++, Python 개발 언어 사용 가능자 3) 영상처리 알고리즘 개발 가능자우대사항 - 딥러닝/머신러닝/컴퓨터 비전 관련..."
https://kr.indeed.com/viewjob?jk=51b4480aad89516269841dcbaf5ae4a6,코미코 데이터 사이언티스트,성남 판교역,,"구축, 피쳐 발굴, 모델 튜닝, 결과 해석 등) - 머신 러닝 및 데이터 분석 관련 언어, 라이브러리 ( Python, R, SQL 등) 능숙한 활용 -통계 , 머신 러닝 등 관련 분야 (통계학, 산업 공학 등) 석/박사..."
https://kr.indeed.com/viewjob?jk=51b4480aad8951623c177bbc6292d9a8,데이터 분석가 정규직,서울 강서구,"연봉 30,000,000원 - 70,000,000원","직무내용] - 지원자격ㆍ경력 : 경력 1년 이상- 우대사항ㆍ Python, R 등 경험자ㆍ보유 자격(우대) : 데이터분석 전문가, 데이터분석 준전문가, 빅데이터분석기사, SQLP(SQL전문가), SQLD(SQL개발자), 정보처..."
https://kr.indeed.com/viewjob?jk=51b4480aad89516291675c17d1d0dbd8,프론트엔드(신입) 개발자 /충주,충청북도 충주,"연봉 30,000,000원 - 35,000,000원",및 제출서류에 허위사실이 있을 경우 채용이 취소될 수 있습니다. 인터넷·IT·통신·모바일·게임>웹프로그래머> Python|인터넷·IT·통신·모바일·게임>웹프로그래머>웹개발|인터넷·IT·통신·모바일·게임>웹프로그래머>JAVA...
https://kr.indeed.com/viewjob?jk=51b4480aad8951625dd30c58fafc5ed3,"SW개발 11개 직무 경력_마곡, 서초, 평택",경기도 평택,,"가능 4)우대 사항 - Python, TensorFlow Framework... Backend (해당 언어중 하나 이상 사용 가능 php, java, python, node.js) - SQL, NoSQL 데이터베이스 설계 및 개발..."
https://kr.indeed.com/viewjob?jk=51b4480aad895162f870e8c6ab4babcf,데이터 엔지니어/클라우드 엔지니어/데이터 플랫폼 개발분야 경력사원,서울특별시,,"등) 사용한 대용량 데이터 처리 유경험자 (Customization/Tuning 경험 포함) - Python, Java, JS Framework, Spring Framework 등 프로그래밍 역량 보유 - SQL 능숙하고..."
https://kr.indeed.com/viewjob?jk=51b4480aad8951629b02367fad22f006,경력 웹 개발자,부산 수영구,"연봉 30,000,000원 - 50,000,000원","React.js, vue.js, angular.js, node.js 등 SPA 스킬 중 1개 이상 경험한 분- python 경험이 있으신 분- 관련학과 우대 [근무시간 및 형태] 주 5일 근무 (오전) 8시 00분~(오후..."
https://kr.indeed.com/viewjob?jk=51b4480aad8951622642a83874ea6bab,"영상처리, 컴퓨터 비전 전문가 (신입/경력)",성남 수정구,"연봉 30,000,000원 - 35,000,000원","인원 [담당업무] Python, C++, MFC, C를 이용하여 - OpenCV 로 Visual SLAM 개발- MFC, Python을 이용하여 GUI... 통신·모바일·게임>응용프로그래머> Python|인터넷·IT·통신·모바일·게임..."
https://kr.indeed.com/viewjob?jk=51b4480aad89516290fbc1c2488bed24,R&D 개발 신입 채용,서울 수송동,,"능자 우대 - Javascript or Typescript, React or NextJS 사용 가능자 - Python, Pandas, FastAPI 사용 가능자 우대 - Tensorflow, pyTorch, Jax 사용 가능..."
https://kr.indeed.com/viewjob?jk=51b4480aad8951621e4ca4e4ddf036ea,Quantitative Researcher,서울,,etc.) Excellent academic record Proficiency in C/C++ or Python... other programming languages Excellent problem solving...
https://kr.indeed.com/viewjob?jk=51b4480aad895162bfe0f5ac4f32ec89,추천 통계분석/데이터사이언티스트 모집,성남 판교역,,"통계, 수학 관련 분야의 석사 또는 박사 학위 소지자 숙련된 데이터분석 능력 데이터 사이언스를 위한 언어( Python/R) 를 하나 이상 능숙하게 다룰 수 있으신 분 분석 결과를 설득력있게 전달할 수 있는 분 우대사항..."
https://kr.indeed.com/viewjob?jk=51b4480aad8951625da0b2056f31f252,"고성능차량 주행성능 개발[연구원, 책임연구원]",대한민국,,RSC/TV 등 샤시제어시스템의 다이나믹스 모델링 [고성능차 자율 주행 기술 개발] Matlab 또는 Python 을 활용하여 자율 주행 제어 로직을 구성하고 머신러닝을 통한 자율주행 고도화 기술 개발 및 성능 평가...
https://kr.indeed.com/viewjob?jk=51b4480aad895162a54daac26d2a702c,[글로벌AI]인공지능(AI) Engineer,서울,,바일·게임>빅데이터·AI(인공지능)>인공지능(AI)|인터넷·IT·통신·모바일·게임>빅데이터·AI(인공지능)> Python|인터넷·IT·통신·모바일·게임>빅데이터·AI(인공지능)>챗봇|인터넷·IT·통신·모바일·게임>빅데이터·AI...
https://kr.indeed.com/viewjob?jk=51b4480aad895162659e8fe1fe7f9089,Data/Digital Analyst,서울,"연봉 56,000,000원","MS Excel skills. Other data analytics skills like SQL, R or Python would be an advantage * Strong quantitative skills..."
https://kr.indeed.com/viewjob?jk=51b4480aad89516212364d487c1288ca,금융 AI (시장 이해) 연구 개발자 모집,성남 판교역,,"싶은 사람 - 경제, 금융 시장에 대한 관심과 이해도가 높은 분 - Python, R, SQL 등을 이용해 데이터를 직접 분석하고 모델을 개발하여... 및 연구/문제 해결 능력 - Python 언어에 능숙하신 분 2. 해당직..."
https://kr.indeed.com/viewjob?jk=51b4480aad895162df1a4900d5aaae78,경남 인공지능/블록체인 교육과정 (2022 ICT이노베이션스케워 확산 사업),대한민국,,데이터분석|인터넷·IT·통신·모바일·게임>빅데이터·AI(인공지능)> Python|인터넷·IT·통신·모바일·게임>빅데이터·AI(인공지능)>머신러닝|인터넷... 통신·모바일·게임>응용프로그래머> Python|인터넷·IT·통신·모바일·게임...
https://kr.indeed.com/viewjob?jk=51b4480aad895162602c72f2cdb71d6c,[Project MOD] 백엔드 개발자,경기도 성남,,"설계 및 구현 - Kubernetes를 활용한 마이크로 서비스 개발 지원자격 - C#, Java, Python 등을 활용해서 API 서비스 개발 경험이 있으신 분 - 네트워크 프로그래밍, 멀티 스레드 프로그래밍 경험이..."
https://kr.indeed.com/viewjob?jk=51b4480aad895162595c29728f37c032,[도쿄일렉트론코리아] 2022년 상반기 2차 추가,경기도 화성,,게임>빅데이터·AI(인공지능)> Python|인터넷·IT·통신·모바일·게임... 인터넷·IT·통신·모바일·게임>응용프로그래머> Python|인터넷·IT·통신·모바일·게임>웹프로그래머> Python|경영·인사·총무·사무>총무·법무·특허...
https://kr.indeed.com/viewjob?jk=51b4480aad89516265719695c5dcdffa,데이터 분석 담당_Junior,대한민국,,"대졸 이상 - 유관경력 1~3년 - 데이터 가공, 분석(R, Python) 경험 보유 - SQL Query 활용에 능통 우대사항 - 빅데이터 수집... 데이터 가공, 분석(R, Python) 경험 보유 - SQL Query..."
https://kr.indeed.com/viewjob?jk=51b4480aad895162d59c79bfbeca26c6,[TmaxEdu/R&D] Edu 연구 개발자,성남 분당구,,"CSS, JavaScript, TypeScript [Server 개발(사용 언어)] - Java, Python, SQL [Framework(사용 언어)] - React.js, Spring [입사 지원 시 참고 사항..."
https://kr.indeed.com/viewjob?jk=51b4480aad8951625d65ade7c92dd2ab,[Blade&Soul] 클라이언트 프로그래머 모집,성남 판교역,,"분 우대사항 - Blade&Soul 컨텐츠 이해도가 높은자 - MMORPG 국내외 서비스 경험 - C#, Python 등 생산성이 높은 언어에 능통한 자 - 컴퓨터 그래픽스에 대한 이해 - 업무 조율 및 커뮤니케이션 유능자..."
https://kr.indeed.com/viewjob?jk=51b4480aad89516269d3cc2cca262747,Machine Learning Engineer Intern - Korea,서울,,"Fluent... least one programming language including Python, Java, and Golang. Fluent in speaking and writing both Korean..."
https://kr.indeed.com/viewjob?jk=51b4480aad8951621821f45d4b71b3d8,클라우드 보안 엔지니어,서울 영등포구,,"화를 구현합니다. 자격 요건 AWS 환경에서 보안 환경을 구축하고 운영하신 경험이 있으신 분을 찾습니다. Python, Go 등 하나 이상의 프로그래밍 언어에 익숙해야 합니다. 다양한 문제에 대한 체계적인 원인 분석 및 해결..."
https://kr.indeed.com/viewjob?jk=51b4480aad8951623c9a8c6e091babeb,경력사원 (Digital Transformation 분야),경상북도 구미,,Transformation) 업무 대응 - IT System 구축을 위한 Project manager 역할 수행 - Python 등 프로그램을 활용한 업무 효율화 추진 - Analog data의 Digital 전환을 위한...
https://kr.indeed.com/viewjob?jk=51b4480aad89516281db0a6c5d874e40,차세대 AAA 게임 테크니컬 아티스트 모집,성남 판교역,,"우대 Skill - 일정 수준 이상의 영어 스킬(기술문서 독해 및 청취 가능 여부) - Max Script, Python, C Sharp, 등을 이용한 Script & Tool 제작 Skill - UE4 Blueprint 로..."
https://kr.indeed.com/viewjob?jk=51b4480aad8951620112986fed24593d,[NAVER Z] 데이터 엔지니어 모집,성남 백현동,,"API 개발 및 운영 자격요건 및 필요역량 - 관련 분야 개발 경력 3년 이상 - Scala/Java/ Python, Spark, Kafka(Stream) 기반 빅 데이터 처리 경험이 있으신 분 - 빅데이터 엔지니어링..."
https://kr.indeed.com/viewjob?jk=51b4480aad8951626d4c339f382395ab,Technical Support Engineering-AKS,서울,,"script-based development environments and tools (PERL, Python, Ruby, PhP, etc.) • Experience in Core Linux administration..."
https://kr.indeed.com/viewjob?jk=51b4480aad8951628a6b6ce0b31ec8d4,클라우드 분야 경력,서울,,"가능하신 분 ② 인프라 운영에 필요한 기본적인 스크립트 작성 능력 보유 - ShellScript, Python, Java 등 우대사항(해당 내용 중 1개 이상) - 대용량 데이터베이스 운영 경험 - OGG, SharePlex..."
https://kr.indeed.com/viewjob?jk=51b4480aad895162f934b466ae0434a3,빅데이터 플랫폼 서비스 개발자 모집,성남 판교역,,"ecosystem 활용/개발 경험 3년 이상 Java 필수, 그 외 Python, Ruby 중 1개 이상 언어로 개발 가능 Web framework를... 년 이상 Java 필수, 그 외 Python, Ruby 중 1개 이상 언어..."
https://kr.indeed.com/viewjob?jk=51b4480aad895162516a88c8754956fd,"Software Engineer, Robotics",서울,,"기능을 개발 차세대 로봇 플랫폼 개발에 필요한 선행 연구를 수행 자격 요건 컴퓨터 공학 관련 전공인 분 Python 및 C++ 개발 경력 3년 이상 혹은 그에 준하는 실력을 갖추신 분 알고리즘, 자료구조, 운영체제에 대한..."
https://kr.indeed.com/viewjob?jk=51b4480aad895162a6ccd440c6c74b6a,Staff Data Analyst (Eats Strategy),서울,,"experience with Python as a plus Previous... Statistics) 공학 및 비지니스 학위 (석/박사 or MBA) Python을 사용한 실무 경험자 이커머스, 음식배달업계, 또는 IT 산업 경험..."
https://kr.indeed.com/viewjob?jk=51b4480aad89516269993a894a59a25a,"배터리시스템 제어 설계[연구원, 책임연구원]",대한민국,,"이터 분석/활용 경험 보유자 배터리 전기화학 분석 이론 및 모델링 경험자 프로그래밍 언어(C, Matlab, Python) 활용 능력 보유자 전형단계 서류전형 AI Pre-interview 직무면접 종합면접 채용검진 및 입사..."
https://kr.indeed.com/viewjob?jk=51b4480aad895162c35e9b72a11aa338,[신입/경력] 의료영상/음성인식/생체신호 연구원,서울 서초구,,게임>빅데이터·AI(인공지능)>인공지능(AI)|인터넷·IT·통신·모바일·게임>빅데이터·AI(인공지능)>딥러닝|인터넷·IT·통신·모바일·게임>응용프로그래머>C·C++|인터넷·IT·통신·모바일·게임>응용프로그래머> Python
https://kr.indeed.com/viewjob?jk=51b4480aad8951620edb2eb9346e0cae,"R&D Engineer, Staff",경기도 성남,,"EDA Tools development Experience in scripting languages (bash, Python, TCL) Design, implementation and maintenance of new..."
https://kr.indeed.com/viewjob?jk=51b4480aad8951623ba09aded3b7ac9e,HR Data Analytics 대리급,서울 여의도역,,"6500만원 이하 - 국립대 수준 이상 학사 이상 • 우대사항 - Data 분석 Tool 활용능력(R, Python등)을 보유하신분 - HR PI(process innovaction)업무 유경험자 - HR 제도운영/데이터..."
https://kr.indeed.com/viewjob?jk=51b4480aad895162d5d5600ca2b08f72,금융 AI (투자 전략) 연구 개발자 모집,성남 판교역,,"비스 환경의 데이터를 이용한 모델 개발 및 적용 경험이 있는 분 - Python, Scala, SQL 등을 이용해 데이터 분석부터 상용화 서비스 적용... 및 연구/문제 해결 능력 - Python 언어에 능숙하신 분 2. 해당직..."
https://kr.indeed.com/viewjob?jk=51b4480aad8951627cb816bcfc144f5e,마케팅본부 신입/경력 사원 모집,서울 동대문구,,"데이터 수집(비정형 데이터로 인사이트 도출), 정제, 시각화, 리포팅 경험자 우대 - 통계분석툴 'R', PYTHON', TABLEAU' 등 사용 경험자 우대 경력 0명 마케팅본부 커뮤니케이션팀 - 스포츠 사이언스..."
https://kr.indeed.com/viewjob?jk=51b4480aad895162f4240c7bc5df592e,"[대기업] 딥러닝 (AI, 영상인식) 전문가 (석박사급)",서울,,공지능)>딥러닝|인터넷·IT·통신·모바일·게임>빅데이터·AI(인공지능)> Python|인터넷·IT·통신·모바일·게임>빅데이터·AI(인공지능)>데이터분석... 통신·모바일·게임>응용프로그래머> Python|인터넷·IT·통신·모바일·게임...
https://kr.indeed.com/viewjob?jk=51b4480aad895162cdfd2d3169fac6f0,[데이터 프로덕트] 실험(A/B Test) 분석가 모집,성남 판교역,,"분석 등 전 과정에서 주도적으로 참여한 경험) ⁃ 통계적 가설 검정 방법론에 대한 지식 및 경험 보유 ⁃ Python, R 등 분석용 프로그래밍 언어 하나 이상 활용 가능 #우대사항 ⁃ 내외부 실험플랫폼 운영 경험 ⁃ 하둡..."
https://kr.indeed.com/viewjob?jk=51b4480aad895162a2a775a9e48186f0,"[쿠팡물류] Staff, Data scientist (FTS)",서울,,"5 년 이상의 전문적인 경력을 보유한 자 선호 - 방대한 규모의 데이터를 조작, 알고리즘/모델 개발, 필요한 Python(선호됨)/R/SQL/Spark 에 대한 프로그래밍 경험을 보유한 자 - 뛰어난 분석, 문제 해결 능력을..."
https://kr.indeed.com/viewjob?jk=51b4480aad895162547f3779e9910dfa,ITエンジニア,서울,"연봉 26,000,000원","Webpack - B/E: Java, springframework, javascript, node.js, python 3 *#_採用_基準* - 書類選考、面接(WEB可能) *#雇用形態* - 正社員 *#給与* - 経験・能力を..."
https://kr.indeed.com/viewjob?jk=51b4480aad8951625df07e1f00060775,"차량 플랫폼 제어기 (VPC) 기능안전 전략 및 평가[연구원, 책임연구원]",대한민국,,"업무 jira, confluence, git, svn, codebeamer, simulink, IDE, python, C++, C, 전형단계 서류전형 AI Pre-interview 직무면접 종합면접 채용검진 및 입사 기타..."
https://kr.indeed.com/viewjob?jk=51b4480aad895162ae4f610f74311e80,[코어라인소프트] 의료 영상 소프트웨어 개발자 찾습니다.,서울 마포구,,바일·게임>빅데이터·AI(인공지능)>인공지능(AI)|인터넷·IT·통신·모바일·게임>빅데이터·AI(인공지능)> Python|전자·기계·기술·화학·연구개발>광학·의료장비>AI의료|전자·기계·기술·화학·연구개발>광학·의료장비>의료영...
https://kr.indeed.com/viewjob?jk=51b4480aad8951624d629fc25872003f,[SNOW] 렌더링 엔진 개발자,서울,,"팩토링, 디자인 패턴, ReactiveX 활용 경험 - Java, Swift(Objective C), Lua, Python 등 다양한 언어 경험 - Computer Graphics 이해 - Image Processing 이해..."
https://kr.indeed.com/viewjob?jk=51b4480aad895162809a959cf4581d67,"모터시스템 제어/토폴로지 개발[연구원, 책임연구원]",대한민국,,"연구/업무 경력 보유자 전력전자 구동 시스템 설계 경력 보유자 MATLAB 활용 가능자 우대사항 C/C++, Python, PSIM, PLECS 등 활용 가능자 Embedded SW 경험 보유자 전형단계 서류전형 AI Pre..."
https://kr.indeed.com/viewjob?jk=51b4480aad895162acf2807bdb4705cb,Wi-Fi 소프트웨어 엔지니어 (신입/경력),성남 분당구,,skills in C/C++ - Knowledge of scripting language... Python and Perl) - Strong problem-solving skills and preparedness...
https://kr.indeed.com/viewjob?jk=51b4480aad895162be6c1f03fa566f8e,추천 시스템 연구/개발,성남 판교역,,"분야 석사 또는 박사 학위 소지자 적어도 하나 이상의 능숙한 프로그래밍 언어가 있으신 분 우대사항 Python, C++, GPU 프로그래밍 숙련자 TensorFlow, PyTorch, implicit 등 머신러닝/추천..."
https://kr.indeed.com/viewjob?jk=51b4480aad8951621601f1bfe3302af5,2022년 상반기 백엔드 개발자,성남 분당구,,"및 경력자 우대 - IT관련 경진대회 수상자 우대 - JS, PHP, Python 등 Back End 관련 프로젝트 경험자 우대 - SQL관련 자격증... 진대회 수상자- JS, PHP, Python 등 Back End 관련 프로..."
https://kr.indeed.com/viewjob?jk=51b4480aad895162be6e40465e851e7d,[외국계상장사]데이터분석가(Data Analyst),서울,"연봉 120,000,000원","마케팅 & 미디어 & 고객 데이터 분석을 통한 전략 수립 경험 - 영어 능통자 *우대사항* - R, Python, SQL - 프로그래머틱 광고 플랫폼에 대한 경험 및 이해도 - 클라이언트 매니지먼트 경험 근무 형태..."
https://kr.indeed.com/viewjob?jk=51b4480aad8951627cddf04e9d799f13,MySQL Engineer 모집,성남 판교역,,"도전하는 것이 즐거운 분 안 되는 것에 짜증 내기보다는 긍정적으로 어떻게 해야 할지를 고민할 수 있는 분 python, go, bash 등 스크립팅 언어를 하나 이상 사용하실 수 있는 분 MySQL에 대해 전반적으로 이해하고..."
https://kr.indeed.com/viewjob?jk=51b4480aad8951622f4a4b2eb45a293c,[Global AI]Backend engineer,서울,"연봉 100,000,000원","highly self-motivated and collaborative Python developer who is comfortable owning... Confident with Python, Django..."
https://kr.indeed.com/viewjob?jk=51b4480aad8951620dad27533fee10c3,[마블러스] 백엔드 개발자 주니어/시니어,대한민국,,"Kotlin도 함께 다룰줄 아시는 분ㆍ Python으로 서버 개발 경험 있으시거나 언어를 두 개(Java, Python) 해도 괜찮으신 분ㆍ코드리뷰... 7년 이상ㆍJava 또는 python을 다룰줄 아시는 분ㆍ Spring..."
https://kr.indeed.com/viewjob?jk=51b4480aad895162aac8e9355cb855ac,[인재풀] 아티스트 ART,서울,,3D Max등의 아트웍 툴 사용 경험 Max script 또는 Mel Script의 사용 경험 C# 또는 Python 언어에 대한 이해 및 활용 능력 아트웍 관련 툴 제작 또는 플러그인 제작 경험 Electronic...
https://kr.indeed.com/viewjob?jk=51b4480aad89516255a808bdd459cd53,"전동화 차량 제어 시스템 개발 및 검증[연구원, 책임연구원]",대한민국,,"HILs 구축 경험 Targetlink, Polyspace, Rhapsody, JIRA, Confluence, Python 전형단계 서류전형 AI Pre-interview 직무면접 종합면접 채용검진 및 입사 기타 지원서 접수..."
https://kr.indeed.com/viewjob?jk=51b4480aad895162f59f1e0d8e18dd83,Cloud Management Engineer,성남 분당구,,"AWS, NCP 운영 및 관리 경험자 - Cloud 관련 자격증 보유자 - 스크립트 언어 개발 역량( python, javascript 등) - k8s, Docker, Prometheus, Terraform 등 오픈소스..."
https://kr.indeed.com/viewjob?jk=51b4480aad895162cd919aed133f6b4d,빅데이터분석 수시 채용,서울 을지로2가,,"대사항] - 빅데이터 분석 프로젝트 Leading 경력 - 보건의료 빅데이터 분석 경력 - SAS, R, Python 등 프로그래밍 가능자 - 머신러닝/딥러닝 활용 예측모형 개발 - 보건의료빅데이터(건강보험심사평가원, 국민..."
https://kr.indeed.com/viewjob?jk=51b4480aad89516226576e5d399219b1,"With 청년, 취업 Catch Up 프로그램 참여자",성남 수정구,,게임>빅데이터·AI(인공지능)> Python|인터넷·IT·통신·모바일·게임... 터넷·IT·통신·모바일·게임>웹프로그래머> Python|인터넷·IT·통신·모바일·게임>응용프로그래머> Python|인터넷·IT·통신·모바일·게임>응용프로...
https://kr.indeed.com/viewjob?jk=51b4480aad8951623ee8298954260b67,챗봇 플랫폼 서버 개발자 모집,성남 판교역,,"Model)기반으로 문장 분석, 엔티티 추출 등을 수행하고, 이를 위해서 모델 학습과 튜닝 작업을 수행합니다. Python을 주언어로 사용하고 필요에 따라서 다양한 ML Framework을 사용합니다. [데이터 분석 파이프..."
https://kr.indeed.com/viewjob?jk=51b4480aad895162a3a65a4d59061430,위시켓과 함께할 서버개발자님,서울 강남구,,"를 활용한 정적 페이지 연계 - Docker, Jenkins 등을 활용한 CI/CD 개선 자격조건 - Python 기반의 프레임워크를 이용한 웹서비스 구축 또는 운영 경험 - Django 기반의 웹 서비스 구축 또는 운영..."
https://kr.indeed.com/viewjob?jk=51b4480aad89516273f8c196ea9841a9,[선행기술원] 강화학습 제어 기술[책임연구원],성남 판교역,,계열을 전공하신 분 강화학습 이론에 대한 깊은 이해 및 최신 AI 기술에 대한 폭넓은 이해를 하고 계신 분 Python/C/C++ 중 하나 이상의 능숙한 언어 활용 능력을 보유하신 분 TensorFlow/PyTorch 등 딥...
https://kr.indeed.com/viewjob?jk=51b4480aad895162ca5b2f6d10c6f5b2,[데이터 프로덕트] MLOps 개발자,성남 판교역,,"년 이상 또는 관련 분야 학위(석사/박사) 소지 ⁃ 필수 언어/도구: kubernetes, docker, python, shell script, YAML, git #우대사항 ⁃ 대용량 실시간 서비스 개발, 운영 경험이 있으..."
https://kr.indeed.com/viewjob?jk=51b4480aad8951626d15c3420e935aea,AI 분야 경력,서울,,"이상 (AI 관련 논문 발표) ② AI/딥러닝 알고리즘 연구개발 프로젝트 경험 ③ Ubuntu Linux, Python, Tensorflow/PyTorch 사용 중상급 이상 우대사항(해당 내용 중 1개 이상) ① AI/머신러..."
https://kr.indeed.com/viewjob?jk=51b4480aad8951622b9e604e63e7e46d,[카카오커머스] 기술직군,성남 분당구,,"우대사항 - 전자금융 감독규정, PCIDSS에 대한 실무 경험이나 이해도가 높으신 분 - JAVA, Python, shell script 등 개발 역량을 갖추신 분 - 웹/앱 취약점 진단 및 모의해킹 역량을 갖추신..."
https://kr.indeed.com/viewjob?jk=51b4480aad8951621174b224bed61f3d,[카카오 콘텐츠] 데이터 엔지니어 모집,대한민국,,"성원 모두와 함께 성장하고 싶어 하시는 분 개발스킬 이외에 도메인을 이해하기 위한 지식확장에 거리낌이 없으신 분 Python 필수, 그 외 한가지 언어 이상 능숙한 프로그래밍 가능하신 분 Hadoop, HBase, Spark..."
https://kr.indeed.com/viewjob?jk=51b4480aad895162ffc95eb386fd0b88,대용량 분산 스토리지 개발자 모집,대한민국,,기반 네트워크 프로그래밍 경험이 있으신 분 ⁃ Go 언어로 프로덕션 레벨의 문제 해결 경험이 있으신 분 ⁃ Python 등의 스크립트 언어를 하나 이상 다룰 수 있으신 분 ⁃ HBase 등의 NoSQL 시스템 운영이나 사용...
https://kr.indeed.com/viewjob?jk=51b4480aad895162af507991b784d519,인프라 부문 경력사원 (8월),서울 서초구,,JAVA|인터넷·IT·통신·모바일·게임>응용프로그래머> Python|인터넷·IT·통신·모바일·게임>웹프로그래머>JAVA|인터넷·IT·통신·모바일·게임>웹프로그래머> Python|인터넷·IT·통신·모바일·게임>ERP·시스템분석...
https://kr.indeed.com/viewjob?jk=51b4480aad89516251df90967b46e8f0,[외국계 스타트업 미소] Business Analyst,서울,,통신·모바일·게임>빅데이터·AI(인공지능)>데이터분석|인터넷·IT·통신·모바일·게임>빅데이터·AI(인공지능)> Python|인터넷·IT·통신·모바일·게임>데이터베이스·DBA>MySQL|인터넷·IT·통신·모바일·게임>데이터베이스...
https://kr.indeed.com/viewjob?jk=51b4480aad89516213ef6f86810c0843,"2022년 상반기 주식회사 쏘마 전 개발 직군 (백엔드, 프론트엔드 외 신입/경력 정규직)",성남 분당구,,트엔드|인터넷·IT·통신·모바일·게임>웹프로그래머> Python|인터넷·IT·통신·모바일·게임>응용프로그래머>C·C++|인터넷·IT·통신·모바일·게임>응용프로그래머> Python|인터넷·IT·통신·모바일·게임>빅데이터·AI(인공...
https://kr.indeed.com/viewjob?jk=51b4480aad89516246642ad103af4997,Shaping the future of healthcare,성남 분당구,,"C#, Python 등의 언어로 소프트웨어 개발 경험 1년 이상 ( 1+ year software development experience with C/C++, C#, Python and modernprogramming..."
https://kr.indeed.com/viewjob?jk=51b4480aad89516271c47ac87bb4087e,기술 인턴 인공지능 응용 연구/개발 인턴,서울 관악구,,"6개월) (협의) *모집 절차: 서류 à인터뷰(오프라인) *지원 자격: 프로그래밍 언어 활용 능력: Python, C, C++ 중 1가지 이상 데이터구조, 알고리즘 과목 이수 머신러닝과 딥러닝의 기본 개념 이해 머신러닝..."
https://kr.indeed.com/viewjob?jk=51b4480aad895162666af48a6d966a6e,[진행중] MyData사업부 전문직(데이터 사이언티스트) 채용공고,서울 회현동,,"격사유가 없는 자 성별, 나이 : 제한 없음 자격조건 : 아래 모두에 해당하는 사람 - 데이터 분석용 언어( Python, R, Scala 중 최소 1개) 사용 능력 보유자 - SQL 기반 데이터 조회/분석 경험 보유자..."
https://kr.indeed.com/viewjob?jk=51b4480aad8951623cd339cf8959f44d,생명정보학 부문 박사졸 선임연구원 정규직 정규직,서울 서대문구,"연봉 50,000,000원 - 60,000,000원","- Python or R 활용가능 -Linux terminal 능숙 -생물학... 생명정보학, 생물정보학-외국어: 영어 회화가능,독해가능,작문가능- Python or R 활용가능- Linux terminal 능숙- 생물학 기초 수강..."
https://kr.indeed.com/viewjob?jk=51b4480aad8951629bb3d27c60fdfbc6,HPC Engineer,경기도 성남,,"understanding of scripting languages... Unix/Linux shells, Python, etc. Strong Knowledge of networking and filesystems..."
https://kr.indeed.com/viewjob?jk=51b4480aad895162ffd99ee7d5db6e23,[단기계약직] Language AI 데이터구축을 위한 Front-end 개발자 모집,성남 판교역,,를 사용한 Frontend 개발 가능하신 분 우대사항 - 데이터를 꼼꼼하게 분석하고 정리하실 수 있는분 - Python을 사용해 간단한 Backend 개발이나 수정이 가능하신 분 - Vues를 사용해 웹 페이지 개발 경험이...
https://kr.indeed.com/viewjob?jk=51b4480aad89516291f36235adb82682,Python Project Leader,천안 서북구,,통신·모바일·게임>웹프로그래머> Python|인터넷·IT·통신·모바일·게임>웹프로그래머>웹개발|인터넷·IT·통신·모바일·게임>응용프로그래머> Python|인터넷·IT·통신·모바일·게임>빅데이터·AI(인공지능)> Python
https://kr.indeed.com/viewjob?jk=51b4480aad8951620e26e1dda4b9970b,악성코드 및 엔드포인트 보안 엔지니어 모집,성남 판교역,,"ELK, SOAR, EDR, NAC, PMS 등) 이슈를 적극적으로 발견하고 개선하고자 하는 능동적인 성격 Python/Linux shell script 중급 이상 가능자 지원프로세스 서류전형 > 원격 인터뷰 > 1차..."
https://kr.indeed.com/viewjob?jk=51b4480aad895162f77f9abb42c655b7,[네이버계열사][NIT Service] 네이버 파이낸셜 플랫폼 운영,성남 분당구,,"및 어플리케이션 배포 전략 지식 보유 - Shell script, python 및 web framework 등 기타 프로그래밍 언어 활용 가능... 보유 - Shell script, python 및 web framework..."
https://kr.indeed.com/viewjob?jk=51b4480aad8951622e66e48aa42daa39,데이터분석가 - Global Leading Consulting Firm,서울,,모바일·게임>빅데이터·AI(인공지능)>데이터분석|인터넷·IT·통신·모바일·게임>빅데이터·AI(인공지능)> Python|인터넷·IT·통신·모바일·게임>빅데이터·AI(인공지능)>인공지능(AI)|마케팅·광고·홍보·조사>조사·분석...
https://kr.indeed.com/viewjob?jk=51b4480aad895162aa6f254ad2d9c8ed,[Cloud] 클라우드 엔지니어(보안),성남 분당구,,"운영 경험이 있는 분· 하나 이상의 프로그래밍 언어(Javascript, Python, Go 등)에 익숙한 분· 클라우드 보안 아키텍쳐(IAM, SG... 로그래머>클라우드|인터넷·IT·통신·모바일·게임>응용프로그래머> Python"
https://kr.indeed.com/viewjob?jk=51b4480aad895162d585814d097935eb,카카오톡 보이스톡/페이스톡/라이브톡 개발자 모집,성남 판교역,,"우대 사항 ✓ Spring/Java 혹은 Spring/Kotlin 기반 서버 개발 경험 ✓ MySQL, Python, JavaScript, Node.js 경험 ✓ 모바일/웹 환경을 위한 API 시스템 개발 경험 ✓ k8s..."
https://kr.indeed.com/viewjob?jk=51b4480aad895162d1dd8d47fe59b61c,Technical Consultant,경기도,,"years of software development experience; either Java, .Net, Python, C#, or C++ Experience building solutions and interfaces..."
https://kr.indeed.com/viewjob?jk=51b4480aad895162508bdf77df4f3973,AI 차세대 알고리즘 개발 분야 경력,서울 서초구,,"경험 및 역량 3년 이상의 제품 및 서비스를 위한 머신러닝 모델 개발 및 적용 경험 Java, C++, Python, Pytorch 등의 풍부한 관련 언어 프로그래밍 경험 2년 이상의 하기 분야 중 1가지에 대한 경력 (1..."
https://kr.indeed.com/viewjob?jk=51b4480aad895162ef15b40368e3c513,네트워크 엔지니어,성남 분당구,,"분 - HP 계열 스위치 운영 경험이 있으신 분 - 운영 효율화 및 안정성 개선 경험이 있으신 분 - Python, Bash, PowerShell 등 활용 경험이 있으신 분 전형절차 서류접수 1차면접 2차면접 건강검..."
https://kr.indeed.com/viewjob?jk=51b4480aad895162b5abb93aa30868f2,클라우드 소프트웨어 개발자,경기도 성남,"연봉 30,000,000원 - 80,000,000원","F에 필요한 제반 기술 - Client-Server 개발 모델에 익숙하며 RESTFul 개발 경험 - Python, JAVA, NodeJS, MongoDB 등에 대한 기본적인 이해 및 개발 경험 - 데이터 분석 알고리즘..."
https://kr.indeed.com/viewjob?jk=51b4480aad895162b0d41c1e1d898321,BRAIN Research Intern,서울,,programming experience in one... following (Java/C++/C/ Python/MySQL/SQL Server); knowledge of UNIX preferred Possess...
https://kr.indeed.com/viewjob?jk=51b4480aad8951629c30497c087dbdbb,Data Scientist,서울 마포구,,모바일·게임>빅데이터·AI(인공지능)>빅데이터|인터넷·IT·통신·모바일·게임>빅데이터·AI(인공지능)>데이터분석|인터넷·IT·통신·모바일·게임>웹프로그래머> Python|인터넷·IT·통신·모바일·게임>응용프로그래머> Python
https://kr.indeed.com/viewjob?jk=51b4480aad895162035ff179dbf4f139,[Cloud] Kubernetes Engineer,성남 분당구,,"운영 경력 5년 이상인 분· Cloud 환경에서 서비스 구축 및 운영 경험이 있 는 분· Golang, Python, Java, Javascript 등 하나 이상의 프로그래밍 언어에 익숙한 분우대사항 · Kubernetes..."
https://kr.indeed.com/viewjob?jk=51b4480aad89516276d22ea987b5fa6e,[Cloud] 클라우드 엔지니어,성남 분당구,,"립트 작성이 능숙한 분 (GO, Python, TypeScript 등)우대... 응용프로그래머>클라우드|인터넷·IT·통신·모바일·게임>응용프로그래머> Python|인터넷·IT·통신·모바일·게임>ERP·시스템분석·설계>AWS|인터넷..."
https://kr.indeed.com/viewjob?jk=51b4480aad895162ce8d603fe0a68951,"C#, 소프트웨어 or Python 기반 응용 S/W 개발 신입/경력",서울 금천구,,Python 기반 응용 S/W 개발 신입/경력 채용 모집부문 및 자격요건 담당업무 자격요건 인원 [담당업무]C# S/W 개발 or Python 기반... 트웨어|인터넷·IT·통신·모바일·게임>빅데이터·AI(인공지능)> Python
https://kr.indeed.com/viewjob?jk=51b4480aad89516287309d3ff40ead61,딥러닝 AI 개발 연구원,성남 수정구,,시스템프로그래머>임베디드(Embedded)|인터넷·IT·통신·모바일·게임>응용프로그래머>C·C++|인터넷·IT·통신·모바일·게임>응용프로그래머>Linux|인터넷·IT·통신·모바일·게임>빅데이터·AI(인공지능)> Python
https://kr.indeed.com/viewjob?jk=51b4480aad8951622849173891817ba6,교육/채용 플랫폼 개발/운영(웹개발) 경력 채용,서울,,"개발 및 운영업무 담당 [자격요건] 웹 어플리케이션 개발, 운영 실무자 (2년 이상) JAVA, Python 등 하나 이상의 개발 언어 사용 가능자 Spring Framework를 이용한 Web Application..."
https://kr.indeed.com/viewjob?jk=51b4480aad895162835324335bc1c7da,[현대무벡스] 경력사원 상시,서울 종로구,,ABAP|인터넷·IT·통신·모바일·게임>응용프로그래머>클라우드|인터넷·IT·통신·모바일·게임>응용프로그래머> Python|인터넷·IT·통신·모바일·게임>빅데이터·AI(인공지능)>인공지능(AI)|인터넷·IT·통신·모바일·게임...
https://kr.indeed.com/viewjob?jk=51b4480aad895162638b4678510536fd,"수소연료전지 품질 개발[매니저, 책임매니저]",대한민국,,"재료, 신소재 계열 전공자 비즈니스 영어회화 가능자 우대사항 연료전지/배터리 분야 경험자 Matlab, Python, INCA 활용 가능자 전형단계 서류전형 AI Pre-interview 직무면접 종합면접 채용검진 및 입사..."
https://kr.indeed.com/viewjob?jk=51b4480aad895162e985e1e69345ae59,데이터부문 신입/경력 공개채용,서울 역삼동,,"인사이트 도출 ㆍ정형/비정형 데이터 기반 실험 설계 및 분석 [사용언어 및 기술] ㆍSQL, Python, R (Java, pandas, scikit-learn, matplotlib, seaborn, Tensorflow..."
https://kr.indeed.com/viewjob?jk=51b4480aad8951627eb8f84976e54baa,Applied AI 플랫폼 개발 수시 모집,성남 판교역,,"3. 팀에서 사용하는 기술 스택 • python, java • mysql... git 지원자격 학력 : 없음 경력기간 : 3년 ~ 필수조건 • Python을 이용한 Backend Server 구현에 익숙하신 분 • 비동기 프로..."
https://kr.indeed.com/viewjob?jk=51b4480aad895162f8fe6fe8d5e8f401,"Student Training in Engineering Program (STEP) 2022, People...",대한민국,,"Computer Science or a related field. Programming experience in Java, Python, C... C++. About the job Student Training..."
https://kr.indeed.com/viewjob?jk=51b4480aad8951628d82ffc3587320ea,ML/DL Data Scientist,서울 영등포구,,"Kubernetes 기반 ML 파이프라인 개발/서비스 경험 - AWS, K8S 환경 내 모델링/개발 경험 - Python 프로그래밍 숙련자 (주요 ML/DL 라이브러리, 프레임워크 사용 능력 포함) - 딥러닝 기술 현업 적용..."
https://kr.indeed.com/viewjob?jk=51b4480aad895162824d7d9b39776e09,[TmaxTibero/기술] DBMS 제품 QA,성남 분당구,,"k8s, aws 환경 기반 테스트 환경 구축 경험자 개발 경력자 - Java(Spring), Python - 테스트 자동화 프레임워크 개발 경험자 - JDBC / .Net(C#) 기반 단위 테스트 프로그램 개발 가능자..."
https://kr.indeed.com/viewjob?jk=51b4480aad8951624e3b4e13098d5aa1,[위메프서비스] 서비스 통계 개발자,대한민국,,"사용하는 기술] 언어: Kotlin, Python, Java, Shell... 개발 경력 3년 이상 보유하신 분 Java, Spring F/W, Python 개발 중급 이상의 능력을 보유하신 분 표준 SQL 구현 상급 이상..."
https://kr.indeed.com/viewjob?jk=51b4480aad8951629db6272981319fea,Sales Operations Associate (Seoul),서울,,"experiences in data analysis and tools (e.g. R and Python, Google Analytics, Apache Hadoop) Business level in Korean..."
https://kr.indeed.com/viewjob?jk=51b4480aad895162539b4009e11ff1f4,백엔드개발,서울 강남구,,"4년 이상의 웹/앱 서비스의 백엔드 시스템 개발 경험이 있으시거나 이에 준한 역량을 갖추신 분 • Python(Django, Flask) 개발 경험이 있으신 분 • AWS 환경 개발이 익숙하신 분 • git 기반 코드..."
https://kr.indeed.com/viewjob?jk=51b4480aad895162503269b3ed64cb1f,[응용분석팀] 사용자 프로파일 연구 및 개발,성남 판교역,,추적 및 카카오 데이터 상황에 맞는 기술 해석/실험 진행 지원자격 데이터 사이언스를 위한 언어(R/ Python/Scala) 및 도구(scikit-learn/Spark MLlib/Tensorflow/Pytorch 등)를...
https://kr.indeed.com/viewjob?jk=51b4480aad895162e13c32ba4eff23da,패션고 추천모델링 연구 개발,성남 판교역,,"튜닝, AB테스트, 결과 해석 등) - 리눅스 환경에서 머신 러닝 및 데이터 분석 관련 언어, 라이브러리( Python, R, SQL, tensorflow 등) 능숙한 활용 - 통계, 머신 러닝 등 관련 분야(통계학,산업..."
https://kr.indeed.com/viewjob?jk=51b4480aad89516283a680e3f19e5ea7,데이터사이언티스트 신입/경력,서울 금천구,"연봉 40,000,000원 - 50,000,000원","관련 전공 석사 이상 학위 소지자· 데이터 및 머신러닝에 대한 수학적 이해와 통계적 지식 보유자· SQL, Python, R 등 통계/분석 프로그램 능숙자[우대사항]· 관련 학과 전공자 (수학/통계학/교통공학 우대)· 대용량..."
https://kr.indeed.com/viewjob?jk=51b4480aad895162defa6d34b48da188,AI/블록체인 개발자,서울 구로구,,공지능(AI)|인터넷·IT·통신·모바일·게임>빅데이터·AI(인공지능)> Python|인터넷·IT·통신·모바일·게임>응용프로그래머>인공지능(AI)|인터넷... 통신·모바일·게임>응용프로그래머> Python|인터넷·IT·통신·모바일·게임...
https://kr.indeed.com/viewjob?jk=51b4480aad8951624ef5038b18071f9a,Sensor Fusion Engineer,서울,,"경력 (학위과정 포함) Linux 등 Unix 기반 OS에 대한 이해도 및 사용 경험이 있으신 분 C++, Python 등을 이용한 프로그래밍 및 개발에 능숙하신 분 자료구조, 알고리즘 등 전산 지식을 활용한 문제 해결 경험..."
https://kr.indeed.com/viewjob?jk=51b4480aad8951623a7627d63e147bb0,[IT] 고객데이터 서비스 플랫폼 기획[책임매니저],대한민국,,"경험을 보유하신 분 BI/KPI 분석 및 분석 플랫폼 기획/설계 업무 경력 3년 이상 보유하신 분 SQL, Python 등 데이터 분석 프로그래밍 활용 경험을 보유하신 분 해외 여행에 결격 사유가 없으신 분 (남성의 경우..."
https://kr.indeed.com/viewjob?jk=51b4480aad895162e764b919165b8d3e,데이터처리 플랫폼 개발자,성남 판교역,,"데이터 수집, 처리 및 지표 분석 경험 - 데이터 기반의 문제해결 역량 및 논리적 사고 - Java, Python, Scala 중 최소 1가지 언어를 이용한 데이터 분석 및 소프트웨어 개발 역량 - SQL을 이용한 데이..."
https://kr.indeed.com/viewjob?jk=51b4480aad895162063bf8e8fc2de8d4,"Customer Engineer, Gaming, Google Cloud",서울 강남구,,"Kotlin, C#, Python, Perl... Shell... 응용프로그래머>JAVA|인터넷·IT·통신·모바일·게임>응용프로그래머> Python|인터넷·IT·통신·모바일·게임>응용프로그래머>C#|인터넷·IT·통신..."
https://kr.indeed.com/viewjob?jk=51b4480aad89516290e4b9b3cfc3c6b4,"Applications Engineer, Staff",서울,,"Simulation Analysis is desired. Scripting skills (TCL, Perl, Python) required. Good communication skills... ability..."
https://kr.indeed.com/viewjob?jk=51b4480aad895162ad9c760fdec88af5,품질 신입 채용,서울 한강로2가,,전면허 및 운전가능자 우대요건 - 산업공학과(통계 활용 능력) - 품질경영기사 자격증 보유자 - 파이썬( Python) 활용 가능자 - 엑셀 및 PPT 활용 능력 우수자 장항 전형절차 STEP.01 서류심사 - STEP...
https://kr.indeed.com/viewjob?jk=51b4480aad8951623544467a7b64376f,[전문연구요원] 의료영상 리서치 엔지니어 정규직,서울 마포구,,"학력무관직무기술: VISUALC++, 응용프로그래밍, C·C++, Python, AI개발 2 명 근무조건 고용형태: 정규직(수습기간3개월)근무부서... 머신러닝(ML)|인터넷·IT·통신·모바일·게임>응용프로그래머> Python"
https://kr.indeed.com/viewjob?jk=51b4480aad8951622aaeb4d280aad351,[로드뷰] 서버 개발자 모집,성남 판교역,,원자격 [최소 자격] 서버 개발 경력 2년 이상 DBMS 기반 시스템 설계 및 개발 경험 [선호 자격] Python 기반 서버 개발 경험이 있으신 분 Spring/Java 기반 서버 개발 경험이 있으신 분 Docker...
https://kr.indeed.com/viewjob?jk=51b4480aad895162bfdab41ec9b9469f,PM(서비스/개발),서울 영등포구,,"Data Science 제반 지식, AWS/GCP 등 Cloud 기반 서비스 관련 프로젝트 업무 경험 - Python, JAVA, RESTAPI, Database 등 개발 관련 언어/기술 이해 역량 우대 - AWS, GCP..."
https://kr.indeed.com/viewjob?jk=51b4480aad8951621ef73c112e60e702,'22년 8월 본부Staff(DX분야) 경력사원 (서울),서울 강서구,,"1. 직무 상세 - Python Front End/Back End 개발,Vision AI 개발 2. 필수사항 - 해당 직무 개발 경험을 보유하신 분 3. 우대사항 - 구성원들과 원활한 커뮤니케이션 능력을 보유하신 분 - 학사..."
https://kr.indeed.com/viewjob?jk=51b4480aad89516213db949120fc8e68,[주식회사 아크릴] 개발자 정규직 모집,서울 청담동,,담당업무 모집부문 담당업무 자격요건 인원 백엔드 - 서비스 백엔드 개발( Python) [자격요건] - 학력 : 무관 - 경력 : 신입무관 - 성별... 성별 : 무관 - 연령 : 무관 Python 프로그래밍이 가능하신 분...
https://kr.indeed.com/viewjob?jk=51b4480aad895162a0174d4b28f83aa4,[SuperLabs] AI 개발자,성남 분당구,,트렌드를 이해하고 개발 가능하신 분이 필요 합니다.< 인터넷·IT·통신·모바일·게임>응용프로그래머>C·C++|인터넷·IT·통신·모바일·게임>응용프로그래머> Python|인터넷·IT·통신·모바일·게임>웹프로그래머> Python
https://kr.indeed.com/viewjob?jk=51b4480aad8951620d601da07d431614,컴퓨터비전 개발자 경력 정규직,서울 성동구,,바일·게임>빅데이터·AI(인공지능)>인공지능(AI)|인터넷·IT·통신·모바일·게임>빅데이터·AI(인공지능)> Python|인터넷·IT·통신·모바일·게임>소프트웨어·하드웨어>소프트웨어|인터넷·IT·통신·모바일·게임>응용프로그래머>C·C++
https://kr.indeed.com/viewjob?jk=51b4480aad895162e19399a7d018febf,Desktop Software Engineer NEW,대한민국,,Async 프로그래밍 개발에 능숙하신 분 FFmpeg 소스 구조를 이해하고 능숙하게 이용할 줄 아시는 분 Python 스크립트를 능숙하게 다룰 줄 아시는 분 전형안내 서류 전형 > 과제 전형 > 1차 면접 > 2차 면접...
https://kr.indeed.com/viewjob?jk=51b4480aad895162e1512ed490acc810,인텔AI 개발자 양성 교육생 (인공지능AI & 웹/앱 개발자 양성과정),부산,,용프로그래머>자바스크립트|인터넷·IT·통신·모바일·게임>응용프로그래머> Python|인터넷·IT·통신·모바일·게임>응용프로그래머>증강현실(AR)|인터넷... 게임>빅데이터·AI(인공지능)> Python|인터넷·IT·통신·모바일·게임...
https://kr.indeed.com/viewjob?jk=51b4480aad8951628e9c5f6989cb3c16,전산부문(POS개발팀),군포 당동,,"연 령 나이무관 자격요건 - 전산관련 학과 졸업 또는 관련 교육 이수자 우대사항 - C#, JAVA, Python, SQL 등을 이용한 프로그램 개발경험 - Javascript, ASP, jquery, React, HTML5..."
https://kr.indeed.com/viewjob?jk=51b4480aad89516279fb95da6dff4025,하반기 신입(채용 연계형 인턴) 수시채용,서울 마곡동,,"Python, R, 기타 코딩 능력 보유자 또는 통계 분석에 대한 기초 지식 보유자 중 1개 해당자 우대사항 · 통계 분석에 대한 기초 지식 보유자 · 기초 프로그래밍 코딩 구현 능력 보유자 ( Python or R..."
https://kr.indeed.com/viewjob?jk=51b4480aad89516289c0b0e3ca141d8d,연구 부문 채용공고,서울 삼성동,,"이상 • 경력 : 5년 이상 [우대사항] • 양산제품 IoT Platform 개발 경험자 • Java, Python, Javascript 등을 활용하여 back-end 개발 경험자 • 다양한 Socket 통신 프로토콜 개발..."
https://kr.indeed.com/viewjob?jk=51b4480aad895162b74f68a04bfffecb,음성합성(TTS) 기술 전문가,서울 종로구,,인터넷·IT·통신·모바일·게임>응용프로그래머>C·C++|인터넷·IT·통신·모바일·게임>응용프로그래머> Python|인터넷·IT·통신·모바일·게임>네트워크·서버·보안>UNIX·LINUX계열 서버운영·관리|인터넷·IT·통신·모바일...
https://kr.indeed.com/viewjob?jk=51b4480aad895162ea23e376c32ece8b,Data Scientist (KOREA),충청북도 청주,,"data visualization Experience using tools... SAS JMP, Python, Matlab, KNIME, and SIMCA Experience with developing..."
https://kr.indeed.com/viewjob?jk=51b4480aad895162b9b9f10660d8f9a9,데이터플랫폼/기준정보[경력],서울 강남구,,"개발 관리 자격 요건 필수 - Hadoop 데이터 플랫폼 사용 경험 - SQL, Spark(Scala, Python)등 데이터 처리 언어 1종 이상 숙련 - 대규모 트래픽 서비스, 대용량 배치처리 시스템의 Backend..."
https://kr.indeed.com/viewjob?jk=51b4480aad8951625ab0b45dfa93411b,Data Engineer 신입사원,서울 강남구,,"분류, 개인정보 비식별화, 불량 코퍼스 필터링 등 다양한 ML 프로젝트 (예정)[자격요건]- Julia / Python / R 중에서 자신 있는 프로그래밍 언어가 있는 분- 하나의 데이터도 놓치지 않고 꼼꼼하게 관리할 수..."
https://kr.indeed.com/viewjob?jk=51b4480aad8951624cb258115403064d,데이터 엔지니어 - Global Leading Consulting Firm,서울,,통신·모바일·게임>빅데이터·AI(인공지능)>빅데이터|인터넷·IT·통신·모바일·게임>빅데이터·AI(인공지능)> Python|인터넷·IT·통신·모바일·게임>빅데이터·AI(인공지능)>하둡(Hadoop)|인터넷·IT·통신·모바일·게임...
https://kr.indeed.com/viewjob?jk=51b4480aad895162b3cbb14fc91991a4,광고데이터플랫폼 개발자 모집,성남 판교역,,"무와 데이터 파이프라인 시스템 설계/구축/관리 업무를 수행하게 됩니다. 지원자격 개발 경력 3년 이상 Python, Java, Kotlin, Scala 중 하나 이상의 언어에 능통 SQL 또는 HiveQL에 능통 대용량..."
https://kr.indeed.com/viewjob?jk=51b4480aad8951623cdaa79e470db980,BIOS and FW Engineer,서울,,"Assembly coding, BIOS coding... Python. 3+ years of experience with DDR DRAM... BIOS coding... Python. Inside..."
https://kr.indeed.com/viewjob?jk=51b4480aad895162e2f85f15e72b148a,[11번가] 데이터 아키텍처 분야,서울 중구,,"설계하고 필요한 기술set으로 개발하여 서비스에 전달 가능하신 분- Python, shell, Procedure 등을 통한 데이터 처리와 Batch... DBA>SQL|인터넷·IT·통신·모바일·게임>응용프로그래머> Python"
https://kr.indeed.com/viewjob?jk=51b4480aad8951622944db119d546499,"머신비전 MFC, WPF UI/GUI 개발 신입/경력 정규직",안양 동안구,"월급 3,000,000원","담당업무 ]* OpenCV 프로그램* C++ MFC GUI 프로그램* C# WPF GUI 프로그램* Python 프로그램* Git, SVN 형상관리 프로그램 경험[ 자격조건 ]* 학력 : 대졸이상 * 경력 : 신입/경력..."
https://kr.indeed.com/viewjob?jk=51b4480aad895162579c7166d9139d58,[IT] 경영지원 분야 빅데이터 분석(데이터 사이언티스트)[매니저],대한민국,,"Tensorflow)를 사용한 의미 있는 프로젝트 개발 경험을 보유하신 분 데이터 사이언스를 위한 언어(예, Python)를 하나 이상 능숙하게 다룰 수 있으신 분 TensorFlow/Keras, PyTorch..."
https://kr.indeed.com/viewjob?jk=51b4480aad89516268263ea21ea66013,[정규직] 2022년 소프트웨어 연구개발 신입/경력 사원,울산 남구,"연봉 30,000,000원 - 50,000,000원","기계기구 제어시스템 S/W 개발 (C#, .Net... W) 영상처리, 인공지능(AI) 개발 (java, Python, QT) - (H/W) 3D 프린터 및 각종 기계기구 임베디드 개발- 근무부서 : 개발팀 (기술연구소..."
https://kr.indeed.com/viewjob?jk=51b4480aad895162e0aade664e2448a0,"시스템개발실 (front-end, back-end, 인공지능개발)",서울 강남구,,"end : C, Perl, Python, Java * 기본적인 문제해결... 전처리, 분석을 통해 일반화된 알고리즘 도출 및 검증 - 자격조건 * Python 언어 사용 능력 * 논리적인 문제 분석 및 해결 능력 * 기본적인..."
https://kr.indeed.com/viewjob?jk=51b4480aad8951621f57e9a10ba4f7a8,기술(스마트 건설) 경력사원 모집,서울 남대문로5가,,"참여기간 포함) - 3차원 데이터 취득 장비(LiDAR/Drone 등) 활용능력 보유 우대 - 컴퓨터 언어( Python, C++등) 및 BIM S/W 활용능력 보유 우대 - BIM 관련 프로젝트 입찰 참여 및 현장기술 지원..."
https://kr.indeed.com/viewjob?jk=51b4480aad895162f0c7c08485085240,[마비노기모바일] 연구 개발 프로그래머,서울 강남구,,"험을 풍성하게 할 기술 개발 작업에 참여합니다.- 머신러닝, VR 등 신기술을 탐색, 실험합니다.- C#, Python, Javascript 등 다양한 언어와 환경을 사용합니다. 인터넷·IT·통신·모바일·게임>게임(Game..."
https://kr.indeed.com/viewjob?jk=51b4480aad89516255a19c92c845685e,Developer / Designer recruit,서울 논현동,,"language (i.e Python, Ruby, Java, .Net... High proficiency in Python... knowledge... least one Python web framework..."
https://kr.indeed.com/viewjob?jk=51b4480aad895162703729b8f457fc42,Software Developer for MBUX Navigation Online Services,서울,,"Linux/Unix... least 2 years of experience in Python, Shell, Java... Golang. - Ability to speak and write in English..."
https://kr.indeed.com/viewjob?jk=51b4480aad895162fb51d9bebe741157,LINE Ads - Data Analyst NEW,대한민국,,"하는 경력을 보유하신 분 Hadoop 환경에 대한 이해도를 기반으로 Hive SQL 사용이 능숙하신 분 R, Python을 모두 사용하여 통계 분석 및 예측 모델링이 가능하신 분 논리적 추론과 해석 및 분석 항목 도출을 통한..."
https://kr.indeed.com/viewjob?jk=51b4480aad8951623fb5c4c6059df379,Software Quality Engineer (Automation & Testing Library) NEW,대한민국,,"OOP에 대한 이해도가 높으신 분 다음의 기술 스택 및 개발 환경에 익숙하신 분 - Language: Python, Java - Framework: Appium, Serenity BDD - Tools: Jira, Github..."
https://kr.indeed.com/viewjob?jk=51b4480aad895162e98453c26cc07c3b,Staff Data Engineer (Pricing Competitor Intelligence),서울,,"지보수 및 개선 자격 요건: 학사 이상의 컴퓨터 공학 또는 관련 학위 보유자로 총 경력 10년 이상인 분 Python, Node.js, Unix shell 프로그래밍 가능한 분 데이터수집, 가공, 저장하는 파이프라인 설계..."
https://kr.indeed.com/viewjob?jk=51b4480aad895162464ef95516a5fa5c,8퍼센트 경력 개발자,서울 종로구,,"개발업무 - 금융 서비스 개발 - Python/Django 기반 - 정해진 역할이 아닌 기능에 따른 업무 분배 - 프로트엔드부터 백엔드까지 업무 범위... SQL 기본 - git flow - python, django 경험자 우대"
https://kr.indeed.com/viewjob?jk=51b4480aad895162e44ca82dfc83456c,[Engineering Div.] Data Analyst Intern (체험형),서울 서초구,,"가진 분과 함께 성장하고 싶습니다! (필수요건) Knowledge of Python, Spark and SQL 이런 경험들이 있다면 저희가 찾는 그... 통신·모바일·게임>응용프로그래머> Python|인터넷·IT·통신·모바일·게임..."
https://kr.indeed.com/viewjob?jk=51b4480aad8951629d2eee513761aded,DB Engineer 모집,성남 판교역,,"분 원활한 커뮤니케이션이 가능하신 분 [우대사항] 대용량 DBMS 운영 경험이 있는 분 Golang, Python, Java등으로 API 기반 서비스 개발이 가능한 분 React, Vue.js 등 프론트개발 경험이 있으신..."
https://kr.indeed.com/viewjob?jk=51b4480aad895162a23a9299bb2dfe14,"엔지니어링 데이터 처리 및 분석[연구원, 책임연구원]",대한민국,,"Learning Operation 오픈소스 활용 구축/운영 경험자 SQL, Python, Spark, 딥러닝/머신러닝 프레임워크 데이터 처리 및 모델... 레임워크 등 AI, ML S/W Python 패키지 scikit-learn..."
https://kr.indeed.com/viewjob?jk=51b4480aad895162f1971f45d0caf8ca,개발자 경력/신입 사원 공개 채용,서울 남대문로5가,,"전반적인 이해 • 우대사항 - Python 서비스 개발 경험자 - AWS... 경우 '22년 8월 예정자 지원 가능) • 우대사항 - Java, Python, Mysql, C# 등 WEB 개발 경험 정규직 0명 ※ 근무지..."
https://kr.indeed.com/viewjob?jk=51b4480aad895162ffed458dd6df1a30,[2022 전문연구요원] AI R&D - Speech AI,성남 판교역,,분석합니다. 3. 음성을 만들어내는 음성 합성 모델을 개발합니다. 지원자격 학력 : 석사 이상 필수조건 - Python을 이용한 프로그래밍 경험이 있으신 분 - 데이터 마이닝/딥러닝/인공지능 관련 전공을 하거나 연구 경험이...
